code,signal_date,n_day,score,grade,entry,fwd5,fwd20,fwd60
137A,2024-03-18,14,70,A,1820.0,-0.001098901098901095,-0.23076923076923073,-0.20109890109890105
137A,2024-04-23,39,60,B,1623.0,-0.04682686383240908,-0.07578558225508314,-0.10351201478743066
137A,2024-05-31,64,69,A,1534.0,-0.06649282920469357,0.07757496740547598,-0.2242503259452412
137A,2024-07-05,89,67,A,1555.0,0.04372990353697759,-0.37877813504823155,-0.21672025723472665
137A,2024-08-13,114,68,A,1065.0,0.05258215962441315,0.09014084507042264,0.020657276995305063
137A,2024-09-18,139,67,A,1175.0,0.020425531914893602,-0.030638297872340403,-0.14978723404255323
137A,2024-10-25,164,55,B,1053.0,0.04463437796771119,0.04368471035137711,0.07312440645773988
137A,2024-12-02,189,64,B,1040.0,-0.038461538461538436,-0.022115384615384648,0.12019230769230771
137A,2025-01-10,214,60,B,1094.0,-0.04478976234003651,0.15996343692870196,0.005484460694698434
137A,2025-02-18,239,69,A,1258.0,-0.03418124006359302,-0.07392686804451509,0.055643879173290944
137A,2025-03-27,264,61,B,1193.0,-0.17015926236378875,0.14752724224643754,0.2137468566638725
137A,2025-05-02,289,70,A,1338.0,-0.0007473841554559435,-0.01420029895366215,0.012705530642750373
137A,2025-06-10,314,69,A,1323.0,0.035525321239606944,0.13756613756613767,0.06953892668178385
137A,2025-07-15,339,61,B,1264.0,0.007120253164556889,0.09731012658227844,-0.020569620253164556
137A,2025-08-21,364,67,A,1455.0,-0.004810996563573866,-0.020618556701030966,-0.2687285223367698
137A,2025-09-29,389,64,B,1412.0,-0.05028328611898014,-0.18696883852691215,-0.2606232294617564
137A,2025-11-05,414,64,B,1091.0,0.04491292392300639,0.051329055912007426,-0.2933088909257562
137A,2025-12-11,439,59,B,1051.0,-0.010466222645099887,-0.20647002854424357,-0.340627973358706
137A,2026-01-21,464,62,B,801.0,-0.06117353308364548,-0.10237203495630465,-0.0786516853932584
137A,2026-02-27,489,73,A,723.0,-0.05947441217150762,-0.0318118948824343,-0.18948824343015214
138A,2024-03-19,14,72,A,4530.0,-0.0055187637969095205,0.2538631346578366,-0.05960264900662249
138A,2024-05-10,48,58,B,4865.0,-0.0010277492291880241,-0.058581706063720485,-0.34018499486125386
138A,2024-06-14,73,61,B,4300.0,-0.009302325581395321,-0.1406976744186047,-0.18720930232558142
138A,2024-07-22,98,58,B,3480.0,0.15517241379310343,-0.03735632183908044,-0.25775862068965516
138A,2024-08-29,125,67,A,3320.0,0.13403614457831314,0.10090361445783125,-0.3207831325301205
138A,2024-10-10,153,70,A,3485.0,-0.2588235294117647,-0.37446197991391683,-0.3552367288378766
138A,2024-11-18,178,48,C,2302.0,0.014335360556038124,0.031711555169417815,-0.018679409209383158
138A,2024-12-23,203,51,B,2293.0,0.05713039686000876,0.0030527692978630228,-0.0492804186655037
138A,2025-02-03,228,48,C,2215.0,0.03882618510158009,-0.04695259593679457,-0.18961625282167038
138A,2025-03-12,253,53,B,2160.0,0.0004629629629628873,-0.17592592592592593,-0.14861111111111114
138A,2025-04-17,278,55,B,1675.0,-0.005970149253731294,0.18208955223880596,0.204179104477612
138A,2025-05-27,303,57,B,1970.0,-0.04365482233502538,0.035532994923857864,0.17918781725888322
138A,2025-07-01,328,60,B,2148.0,-0.03305400372439482,0.034916201117318524,0.22718808193668538
138A,2025-08-06,353,54,B,2408.0,-0.02408637873754149,0.008720930232558155,0.18064784053156147
138A,2025-09-11,378,65,A,2435.0,-0.007392197125256628,0.18275154004106775,0.033264887063654935
138A,2025-10-27,407,67,A,3000.0,-0.041000000000000036,-0.10966666666666669,-0.025000000000000022
138A,2025-12-03,432,51,B,2530.0,0.005928853754940677,0.08418972332015806,0.12490118577075093
138A,2026-02-06,475,60,B,2775.0,0.049729729729729666,0.028828828828828756,0.14234234234234244
142A,2024-04-11,14,58,B,1476.5,-0.16931933626820184,0.06840501185235359,0.13105316627158814
142A,2024-06-06,51,63,B,1362.5,0.058348623853210935,0.2660550458715596,0.026788990825687975
142A,2024-07-17,79,55,B,1627.5,-0.08264208909370196,-0.04608294930875578,-0.3425499231950845
142A,2024-09-04,113,55,B,1303.0,-0.0863392171910975,-0.14735226400613965,-0.5180353031465847
142A,2024-10-24,146,58,B,992.0,0.09778225806451624,-0.344758064516129,-0.38508064516129037
142A,2024-11-29,171,54,B,646.0,-0.07739938080495357,-0.09133126934984526,-0.08204334365325072
142A,2025-01-09,196,52,B,577.0,0.015597920277296451,0.13691507798960134,-0.1975736568457539
142A,2025-02-17,221,54,B,635.0,-0.08188976377952761,-0.11023622047244097,-0.10866141732283463
142A,2025-03-26,246,58,B,567.0,-0.040564373897707284,-0.12698412698412698,-0.003527336860670194
142A,2025-05-01,271,63,B,502.0,0.031872509960159334,0.19322709163346619,0.3306772908366533
142A,2025-06-09,296,56,B,596.0,-0.07214765100671139,-0.01342281879194629,0.488255033557047
142A,2025-07-14,321,54,B,648.0,-0.01388888888888884,0.04938271604938271,0.20370370370370372
142A,2025-08-20,346,57,B,715.0,0.10909090909090913,0.30629370629370634,0.05454545454545445
142A,2025-09-30,373,54,B,877.0,-0.04104903078677313,-0.10262257696693278,-0.17331812998859752
142A,2025-11-06,398,54,B,778.0,-0.06041131105398456,-0.15552699228791778,-0.08740359897172234
142A,2025-12-12,423,58,B,630.0,0.0793650793650793,0.09682539682539693,0.1158730158730159
142A,2026-01-22,448,57,B,666.0,0.006006006006006093,-0.1636636636636637,0.04954954954954949
142A,2026-03-02,473,59,B,550.0,0.2163636363636363,0.2272727272727273,0.5272727272727273
145A,2024-04-02,6,67,A,1100.0,-0.013636363636363669,-0.06000000000000005,-0.13181818181818183
145A,2024-05-10,31,74,A,1007.0,-0.07547169811320753,-0.1479642502482622,-0.3147964250248262
145A,2024-06-14,56,80,S,841.0,0.06777645659928666,0.16052318668252075,-0.19738406658739593
145A,2024-07-22,81,68,A,941.0,-0.0828905419766206,-0.21679064824654626,-0.230605738575983
145A,2024-08-27,106,76,A,760.0,-0.014473684210526305,-0.014473684210526305,-0.16710526315789476
145A,2024-10-03,131,69,A,764.0,-0.011780104712041939,-0.08638743455497377,-0.15314136125654454
145A,2024-11-11,156,73,A,720.0,-0.06527777777777777,-0.12361111111111112,-0.012499999999999956
145A,2024-12-16,181,64,B,613.0,0.011419249592169667,0.03752039151712894,0.15334420880913546
145A,2025-01-27,206,76,A,692.0,0.03179190751445082,-0.0780346820809249,-0.1329479768786127
145A,2025-03-05,231,61,B,672.0,-0.0029761904761904656,-0.0982142857142857,0.2738095238095237
145A,2025-04-10,256,69,A,553.0,0.027124773960216952,0.10488245931283902,0.8842676311030742
145A,2025-05-20,281,78,A,799.0,0.028785982478097605,0.10137672090112648,0.5269086357947435
145A,2025-06-24,306,82,S,900.0,0.022222222222222143,0.13666666666666671,0.44333333333333336
145A,2025-07-30,331,74,A,1111.0,-0.012601260126012592,0.23942394239423948,-0.06300630063006296
145A,2025-09-24,368,80,S,1230.0,-0.10487804878048779,-0.06341463414634141,-0.1682926829268293
145A,2025-10-30,393,80,S,1067.0,-0.0009372071227741197,-0.08434864104967199,-0.007497656982193068
145A,2025-12-08,418,82,S,1047.0,-0.03151862464183386,0.009551098376313183,-0.19006685768863418
145A,2026-01-16,443,77,A,1130.0,-0.010619469026548645,-0.1867256637168142,-0.26902654867256637
145A,2026-02-24,468,67,A,774.0,0.021963824289405576,0.03746770025839785,0.14599483204134356
146A,2024-04-19,18,67,A,1822.5,0.058984910836762605,0.1248285322359397,0.012345679012345734
146A,2024-07-02,67,73,A,1935.0,-0.04134366925064603,-0.17312661498708015,-0.04134366925064603
146A,2024-08-07,92,75,A,1338.0,0.18086696562032878,0.16031390134529144,0.33594917787742906
146A,2024-09-12,117,78,A,1600.0,0.109375,0.109375,0.18281250000000004
146A,2024-10-22,142,64,B,1655.0,0.04380664652567967,0.08308157099697877,0.07099697885196377
146A,2025-01-08,193,74,A,1802.5,-0.018030513176144236,0.03190013869625519,-0.0277392510402219
146A,2025-03-07,232,66,A,1987.5,-0.02767295597484276,-0.09056603773584904,0.16603773584905657
151A,2024-04-17,16,57,B,973.6666870117188,0.12632653515377323,-0.07360494917585303,0.26497767912412784
151A,2024-05-30,44,57,B,898.3333129882812,0.1261596028832963,0.3024119033368884,0.2820036943142794
151A,2024-07-26,84,51,B,1108.3333740234375,-0.24812034671198213,0.039097669499762455,-0.06165416978771987
151A,2024-09-06,113,57,B,996.6666870117188,-0.06220735658968701,0.02508361152809968,-0.07892978468818213
151A,2024-11-11,155,69,A,966.6666870117188,-0.017241399994077478,-0.0810345231463302,-0.08758622609976452
151A,2025-01-09,194,61,B,849.0,0.02473498233215543,0.014134275618374659,-0.07656065959952885
151A,2025-04-04,251,60,B,687.0,0.20087336244541487,0.2590975254730714,0.3464337700145561
151A,2025-05-30,288,72,A,919.0,0.020674646354733373,0.054406964091403776,-0.09902067464635478
151A,2025-07-17,322,60,B,929.0,0.03982777179763186,0.0010764262648008671,-0.26264800861141013
151A,2025-08-26,348,60,B,841.0,-0.0784780023781213,-0.07372175980975026,-0.20451843043995244
151A,2025-10-08,377,69,A,734.0,-0.06675749318801094,-0.006811989100817484,-0.02588555858310626
151A,2025-11-28,411,67,A,665.0,-0.0345864661654135,0.03458646616541361,-0.010526315789473717
151A,2026-02-04,455,72,A,693.0,-0.017316017316017285,-0.07070707070707072,-0.101010101010101
151A,2026-03-19,484,63,B,621.0,-0.024154589371980673,0.054750402576489554,-0.041867954911433136
153A,2024-05-09,28,61,B,2452.0,-0.03181076672104399,-0.2035073409461664,-0.5146818923327896
153A,2024-06-13,53,58,B,1842.0,0.14603691639522265,0.09989142236699244,-0.09717698154180243
153A,2024-07-19,78,49,C,1982.0,-0.10696266397578202,-0.19424823410696268,-0.23259334006054488
153A,2024-10-08,132,64,B,1476.0,-0.017615176151761558,0.01084010840108407,-0.04336043360433606
153A,2024-11-14,157,55,B,1495.0,0.10234113712374593,0.0735785953177257,0.0006688963210701449
153A,2024-12-19,182,58,B,1454.0,-0.06602475928473173,0.02957359009628613,-0.296423658872077
153A,2025-02-03,209,58,B,1528.0,0.08246073298429324,-0.2447643979057592,-0.051701570680628306
153A,2025-03-12,234,51,B,1120.0,-0.0669642857142857,-0.22589285714285712,0.5133928571428572
153A,2025-04-17,259,58,B,857.0,0.03267211201866971,0.61610268378063,1.0081680280046674
153A,2025-05-27,284,67,A,1450.0,0.016551724137930934,0.34827586206896544,0.5303448275862068
153A,2025-07-02,310,67,A,1508.0,0.08753315649867366,0.20225464190981435,0.4297082228116711
153A,2025-09-12,360,64,B,2133.0,0.1204875761837787,0.043600562587904346,-0.3609939052977028
153A,2025-10-29,390,61,B,2042.0,-0.041625857002938305,-0.31635651322233105,-0.4471106758080313
153A,2025-12-05,415,65,A,1476.0,-0.07655826558265577,-0.11720867208672092,-0.2621951219512195
153A,2026-01-15,440,62,B,1286.0,-0.059097978227060644,-0.1065318818040435,0.05754276827371685
153A,2026-02-20,465,54,B,1110.0,-0.08378378378378382,0.02522522522522519,0.9711711711711712
153A,2026-03-31,490,48,C,1129.0,0.170947741364039,0.47298494242692657,0.043401240035429556
155A,2024-04-16,14,66,A,572.0,0.16433566433566438,0.08566433566433562,0.12237762237762229
155A,2024-06-03,45,75,A,549.0,-0.05464480874316935,0.21857923497267762,-0.014571948998178486
155A,2024-07-12,74,71,A,636.0,-0.09748427672955973,-0.24371069182389937,-0.11792452830188682
155A,2024-09-24,122,68,A,511.0,0.017612524461839474,0.019569471624266255,0.011741682974559797
155A,2024-10-30,147,75,A,517.0,-0.021276595744680882,0.0812379110251451,-0.06963249516441006
155A,2024-12-18,181,69,A,511.0,-0.011741682974559686,-0.09589041095890416,-0.1428571428571429
155A,2025-02-18,219,62,B,460.0,-0.02608695652173909,-0.0304347826086957,0.010869565217391353
155A,2025-03-27,244,59,B,438.0,-0.1461187214611872,-0.04109589041095896,0.1095890410958904
155A,2025-05-02,269,68,A,429.0,0.06993006993007,0.18648018648018638,1.0256410256410255
155A,2025-06-26,306,65,A,481.0,-0.02494802494802495,0.18295218295218296,0.817047817047817
155A,2025-09-30,370,66,A,917.0,0.08287895310796078,0.13958560523446017,0.4874591057797164
155A,2026-02-16,461,69,A,1056.0,-0.17140151515151514,-0.11458333333333337,-0.20928030303030298
155A,2026-03-26,487,61,B,868.0,-0.02995391705069128,-0.054147465437788034,0.0011520737327188613
177A,2024-04-30,3,85,S,1835.0,-0.10735694822888286,-0.03160762942779294,0.15531335149863756
177A,2024-06-06,28,78,A,1662.0,0.03730445246690728,0.14921780986762934,0.13898916967509023
177A,2024-08-01,67,69,A,1683.0,-0.03208556149732622,0.14081996434937616,0.06951871657754016
177A,2024-09-06,92,70,A,1714.0,0.05017502917152861,0.0355892648774796,-0.005834305717619559
177A,2024-10-16,117,76,A,1800.0,-0.033333333333333326,0.0,-0.1594444444444445
177A,2024-11-21,142,75,A,1774.0,-0.0343855693348365,-0.007891770011273946,-0.013528748590755368
177A,2024-12-26,167,78,A,1673.0,-0.03227734608487742,-0.0693365212193664,0.04243873281530175
177A,2025-02-06,192,84,S,1566.0,0.13856960408684538,0.08492975734355035,0.10472541507024258
177A,2025-03-17,217,79,A,1725.0,0.02898550724637672,-0.06666666666666665,0.024347826086956514
177A,2025-04-22,242,73,A,1747.0,-0.017172295363480305,-0.07555809959931314,-0.02003434459072695
177A,2025-05-30,267,85,S,1631.0,0.04475781729000605,0.05579399141630903,0.07602697731453101
177A,2025-07-04,292,76,A,1711.0,-0.006428988895382792,0.03331385154880184,-0.08825248392752771
177A,2025-08-12,317,85,S,1803.0,0.014420410427065988,-0.1353300055463117,-0.15363283416528006
177A,2025-09-17,342,88,S,1567.0,0.02807913209955326,-0.00765794511805995,-0.03063178047223991
177A,2025-10-24,367,82,S,1562.0,-0.02432778489116516,-0.01216389244558258,-0.16453265044814336
177A,2025-12-02,392,76,A,1543.0,-0.01166558651976668,-0.06286454957874266,-0.2281270252754375
177A,2026-01-09,417,85,S,1425.0,-0.01684210526315788,-0.16140350877192977,-0.10245614035087725
177A,2026-02-17,442,86,S,1187.0,0.04043807919123843,0.008424599831508006,0.09098567818028647
177A,2026-03-26,467,83,S,1192.0,0.02348993288590595,0.11493288590604034,-0.17953020134228193
192A,2024-07-11,18,73,A,5490.0,-0.021857923497267784,-0.3014571948998178,-0.3752276867030966
192A,2024-09-24,67,82,S,4165.0,-0.12004801920768304,-0.2016806722689075,-0.08403361344537819
192A,2024-10-30,92,82,S,3470.0,0.03458213256484144,-0.014409221902017322,0.13400576368876083
192A,2024-12-05,117,85,S,3400.0,0.0235294117647058,0.15294117647058814,0.06470588235294117
192A,2025-01-16,142,67,A,3540.0,0.04519774011299438,0.07768361581920913,-0.25254237288135595
192A,2025-02-21,167,79,A,3825.0,-0.048366013071895475,-0.01437908496732021,-0.3801307189542483
192A,2025-04-01,192,60,B,2875.0,-0.16939130434782612,-0.05391304347826087,-0.05530434782608695
192A,2025-05-09,217,75,A,2691.0,0.011148272017837302,-0.08807134894091417,-0.16127833519137869
192A,2025-06-13,242,69,A,2589.0,0.04094244882193898,-0.12128234839706453,-0.15025106218617224
192A,2025-07-18,267,69,A,2214.0,0.02619692863595313,0.023938572719060414,-0.06684733514001806
192A,2025-08-26,292,63,B,2207.0,0.0009062075215224841,0.016764839148164956,-0.08699592206615314
192A,2025-10-02,317,67,A,2072.0,0.022200772200772212,-0.03812741312741308,-0.027509652509652538
192A,2025-11-10,342,67,A,2000.0,0.0040000000000000036,0.0129999999999999,-0.020499999999999963
192A,2025-12-16,367,63,B,2052.0,-0.004385964912280715,-0.032651072124756375,-0.10526315789473684
192A,2026-01-26,392,68,A,1994.0,-0.0220661985957874,-0.02306920762286857,-0.19157472417251753
192A,2026-03-04,417,63,B,1932.0,-0.018115942028985477,-0.1185300207039337,-0.29761904761904767
192A,2026-04-09,442,75,A,1715.0,-0.04081632653061229,-0.11836734693877549,-0.27930029154518954
192A,2026-05-20,467,63,B,1501.0,-0.09327115256495666,-0.19053964023984016,
211A,2024-07-22,3,70,A,2776.0,-0.05907780979827093,-0.1862391930835735,-0.07853025936599423
211A,2024-08-27,28,86,S,2323.0,-0.04907447266465781,0.13258717176065438,0.13990529487731385
211A,2024-10-03,53,76,A,2600.0,0.01692307692307682,0.011538461538461497,0.026538461538461622
211A,2024-11-11,78,84,S,2618.0,-0.0049656226126814085,0.006875477463712754,-0.0038197097020626902
211A,2024-12-16,103,79,A,2527.0,0.005935892362485262,0.04669568658488332,0.2880886426592797
211A,2025-01-27,128,82,S,2595.0,0.003853564547206201,0.028901734104046284,0.3217726396917149
211A,2025-03-05,153,73,A,2630.0,0.23384030418250945,0.08973384030418252,0.38783269961977185
211A,2025-04-10,178,76,A,2910.0,0.20790378006872845,0.23883161512027495,0.6151202749140894
211A,2025-05-26,207,73,A,3545.0,0.03949224259520445,0.24541607898448525,0.38222849083215804
211A,2025-08-07,259,70,A,4645.0,0.07534983853606025,0.016146393972013007,-0.05920344456404736
211A,2025-10-07,299,73,A,4410.0,-0.003401360544217691,-0.009070294784580546,0.018140589569161092
211A,2025-11-13,324,67,A,4290.0,-0.026806526806526842,-0.027972027972028024,0.08041958041958042
211A,2026-01-27,372,73,A,4315.0,0.017381228273464666,0.05098493626882972,-0.05446118192352256
211A,2026-03-05,397,69,A,4520.0,-0.09402654867256632,-0.10176991150442483,-0.2588495575221239
211A,2026-04-30,435,67,A,3975.0,-0.06540880503144653,-0.1584905660377358,
211A,2026-06-12,463,73,A,3240.0,0.07407407407407418,0.16203703703703698,
212A,2024-07-26,4,72,A,1000.0,-0.281,0.1299999999999999,0.3600000000000001
228A,2024-09-04,11,73,A,1282.0,-0.0249609984399376,0.10374414976599056,0.07098283931357252
228A,2024-10-11,36,82,S,1217.0,-0.08381265406737881,0.11175020542317182,-0.06737880032867705
228A,2024-12-11,77,76,A,1347.0,-0.0475129918337045,-0.12026726057906456,-0.08166295471417961
228A,2025-01-22,102,82,S,1182.0,0.019458544839255465,0.019458544839255465,-0.0160744500846024
228A,2025-02-28,127,70,A,1177.0,0.017841971112999122,0.011894647408666081,0.15208156329651668
228A,2025-04-07,152,70,A,1051.0,0.09895337773549007,0.17887725975261648,0.29781160799238826
228A,2025-05-15,177,88,S,1224.0,0.04983660130718959,0.11111111111111116,0.24264705882352944
228A,2025-08-01,232,74,A,1515.0,0.003960396039603964,0.2937293729372936,0.5201320132013201
228A,2025-12-04,315,73,A,2304.0,-0.02821180555555558,0.11024305555555558,-0.39583333333333337
228A,2026-01-21,345,68,A,2114.0,-0.08798486281929996,-0.2686849574266793,-0.25638599810785245
228A,2026-02-27,370,82,S,1425.0,-0.023157894736842155,0.08421052631578951,0.20561403508771936
228A,2026-04-17,404,79,A,1455.0,0.06597938144329896,0.010309278350515427,
228A,2026-06-22,446,79,A,1680.0,-0.02857142857142858,,
245A,2024-10-18,16,68,A,2355.0,-0.028874734607218677,-0.030997876857749462,-0.18513800424628446
245A,2025-01-15,73,62,B,2201.0,-0.08814175374829625,0.015447523852794243,-0.113130395274875
245A,2025-02-27,102,68,A,2137.0,-0.054749649040711224,0.021057557323350462,0.10014038371548906
245A,2025-04-07,128,65,A,1978.0,-0.013144590495449915,0.1557128412537918,0.3351870576339737
245A,2025-07-11,194,68,A,2639.0,0.10231148162182646,0.2277377794619173,0.22963243652898835
245A,2025-08-26,224,67,A,3145.0,-0.02384737678855331,0.05246422893481717,-0.038155802861685184
245A,2025-10-16,258,69,A,3070.0,-0.048534201954397393,0.014657980456026065,-0.04169381107491854
245A,2026-01-23,323,68,A,2884.0,0.12517337031900144,0.04889042995839121,-0.11719833564493753
245A,2026-03-03,348,62,B,2678.0,-0.03472740851381628,-0.12434652725914863,-0.12621359223300976
245A,2026-04-08,373,77,A,2390.0,0.03556485355648542,0.08242677824267775,-0.014644351464435101
245A,2026-05-21,400,69,A,2454.0,-0.04645476772616142,-0.05867970660146704,
248A,2024-09-26,1,75,A,2150.0,-0.1265116279069768,-0.4381395348837209,-0.3855813953488372
248A,2024-11-01,26,65,A,1271.0,0.23131392604248613,0.11723052714398108,0.1998426435877263
248A,2024-12-09,51,73,A,1471.0,-0.060503059143439786,0.0897348742352142,-0.05710401087695449
248A,2025-01-20,76,71,A,1565.0,0.013418530351437807,-0.07667731629392971,-0.13801916932907343
248A,2025-02-26,101,63,B,1483.0,-0.0620364126770061,-0.039784221173297385,-0.06675657451112604
248A,2025-04-03,126,60,B,1400.0,-0.05714285714285716,-0.04571428571428571,0.27857142857142847
248A,2025-05-13,151,78,A,1393.0,-0.011486001435750182,0.004307250538406304,0.31514716439339563
248A,2025-06-17,176,73,A,1389.0,0.24910007199424045,0.32613390928725705,0.40172786177105824
248A,2025-07-23,201,72,A,1892.0,-0.06976744186046513,-0.022198731501057112,0.052854122621564414
248A,2025-08-28,226,66,A,1950.0,0.05589743589743579,0.051794871794871744,-0.05897435897435899
248A,2025-10-06,251,69,A,2099.0,-0.08099094807050977,-0.09575988565983806,-0.1291090995712244
248A,2025-11-12,276,65,A,1915.0,-0.06527415143603132,-0.05378590078328982,-0.03394255874673624
248A,2025-12-18,301,60,B,1810.0,-0.04917127071823202,0.04033149171270711,-0.43149171270718234
248A,2026-01-28,326,66,A,1859.0,0.009144701452393766,-0.38622915545992464,-0.4626143087681549
248A,2026-03-06,351,69,A,1103.0,-0.04351767905711701,-0.07706255666364459,-0.20580235720761564
248A,2026-04-13,376,68,A,1036.0,-0.01737451737451734,-0.0926640926640927,-0.193050193050193
248A,2026-05-22,401,68,A,923.0,-0.047670639219934974,-0.06392199349945826,
248A,2026-06-26,426,56,B,855.0,-0.012865497076023358,,
274A,2025-04-07,89,57,B,2429.0,0.011115685467270486,-0.04940304652120209,0.025936599423631135
274A,2025-05-16,115,66,A,2337.0,0.00898587933247752,0.06974753958065905,0.09542148053059485
274A,2025-07-11,155,63,B,2337.0,0.08515190415062035,0.09542148053059485,-0.007274283269148474
274A,2025-10-09,215,69,A,2340.0,-0.07606837606837602,-0.0952991452991453,-0.035470085470085455
274A,2025-11-17,240,63,B,2062.0,0.028612997090203596,0.023278370514064006,0.1561590688651795
274A,2025-12-23,265,68,A,2154.0,0.028319405756731753,0.08449396471680592,0.06128133704735372
274A,2026-02-02,290,62,B,2350.0,0.02297872340425533,-0.008936170212765937,-0.03829787234042559
274A,2026-03-11,315,62,B,2298.0,-0.020017406440382968,-0.005221932114882533,-0.056570931244560474
274A,2026-04-16,340,69,A,2300.0,-0.012173913043478257,-0.04173913043478261,
274A,2026-05-27,365,72,A,2260.0,-0.02212389380530977,-0.02743362831858409,
274A,2026-07-01,390,71,A,2215.0,0.007223476297968379,,
276A,2024-12-20,17,70,A,1132.0,0.18109540636042398,0.9567137809187278,1.9240282685512367
276A,2025-11-26,242,64,B,3310.0,-0.09214501510574014,-0.06495468277945615,0.18126888217522663
276A,2026-01-20,277,59,B,2551.0,-0.023912191297530416,0.6228929831438652,0.2328498627989024
276A,2026-03-09,309,56,B,3310.0,0.0030211480362538623,0.1132930513595165,-0.1513595166163142
276A,2026-04-14,334,68,A,3060.0,0.08496732026143783,-0.02875816993464053,0.17156862745098045
276A,2026-05-25,359,68,A,2950.0,-0.04338983050847456,0.03220338983050852,
291A,2024-12-23,5,68,A,3760.0,-0.06382978723404253,-0.03856382978723405,-0.07313829787234039
291A,2025-02-03,30,65,A,3485.0,-0.10329985652797702,0.11764705882352944,-0.01434720229555242
291A,2025-03-12,55,68,A,3665.0,-0.02592087312414737,-0.1364256480218281,-0.10504774897680769
291A,2025-04-17,80,77,A,3090.0,0.03883495145631066,0.10032362459546929,0.12783171521035608
291A,2025-05-27,105,76,A,3300.0,0.027272727272727337,0.05454545454545445,0.031818181818181746
291A,2025-07-01,130,74,A,3620.0,-0.026243093922651894,-0.03314917127071826,0.02071823204419898
291A,2025-08-06,155,74,A,3490.0,-0.01862464183381085,-0.004297994269340966,0.0
291A,2025-09-12,181,77,A,3675.0,-0.0027210884353741083,-0.05306122448979589,-0.09387755102040818
291A,2025-10-22,206,77,A,3500.0,-0.04142857142857148,-0.05428571428571427,-0.01571428571428568
291A,2025-11-28,231,75,A,3305.0,-0.001512859304084735,0.05597579425113475,-0.027231467473525006
291A,2026-01-07,256,77,A,3385.0,0.02215657311669128,-0.020679468242245203,-0.19940915805022152
291A,2026-02-16,282,77,A,3440.0,-0.046511627906976716,-0.17936046511627912,-0.5040697674418604
291A,2026-03-25,307,74,A,2800.0,-0.021785714285714297,-0.03035714285714286,-0.36857142857142855
291A,2026-04-30,332,71,A,2717.0,0.0474788369525212,-0.36474052263525947,
291A,2026-06-09,357,63,B,1702.0,0.01527614571092828,0.04524089306698009,
303A,2025-01-27,18,82,S,1655.0,-0.039879154078549806,-0.12809667673716008,-0.38006042296072506
303A,2025-03-05,43,59,B,1351.0,-0.041450777202072575,-0.2864544781643227,-0.23390081421169506
303A,2025-04-10,68,73,A,945.0,0.09841269841269851,0.07619047619047614,0.06878306878306883
303A,2025-05-28,99,68,A,1122.0,-0.06149732620320858,-0.05258467023172908,-0.09714795008912658
303A,2025-07-02,124,74,A,997.0,0.032096288866599876,0.011033099297893756,0.02006018054162495
303A,2025-08-20,157,71,A,1000.0,0.016999999999999904,0.004999999999999893,-0.010000000000000009
303A,2025-10-14,193,66,A,951.0,-0.012618296529968487,0.017875920084122088,-0.02208201892744477
303A,2025-12-23,241,70,A,927.0,-0.02696871628910469,-0.011866235167206085,-0.19956850053937436
303A,2026-02-13,274,77,A,888.0,-0.07657657657657657,-0.14977477477477474,-0.2533783783783784
303A,2026-03-24,299,73,A,758.0,0.06596306068601576,0.06464379947229548,-0.25725593667546176
303A,2026-05-11,329,80,S,696.0,-0.04741379310344829,-0.11063218390804597,
303A,2026-06-15,354,80,S,621.0,-0.09339774557165859,-0.06602254428341381,
324A,2025-03-13,14,78,A,1490.0,0.08322147651006717,-0.1469798657718121,0.02483221476510078
324A,2025-05-14,54,84,S,1305.0,0.17701149425287355,0.1701149425287356,-0.10344827586206895
324A,2025-06-18,79,88,S,1202.0,-0.05740432612312807,-0.11314475873544094,0.11314475873544083
324A,2025-07-24,104,87,S,1100.0,0.07818181818181813,0.021818181818181737,0.09090909090909083
324A,2025-08-29,129,81,S,1069.0,0.05986903648269415,0.09822263797941999,-0.019644527595883976
324A,2025-10-07,154,87,S,1217.0,-0.0813475760065735,-0.10188989317995067,-0.15940838126540668
324A,2025-11-13,179,78,A,1145.0,-0.048034934497816595,-0.17030567685589515,-0.09257641921397375
324A,2025-12-19,204,75,A,950.0,0.06210526315789466,0.10315789473684212,0.042105263157894646
324A,2026-01-29,229,84,S,1020.0,0.03529411764705892,0.01764705882352935,-0.04313725490196074
324A,2026-03-09,254,75,A,1044.0,-0.05363984674329503,0.0009578544061301653,-0.24808429118773945
324A,2026-04-14,279,87,S,1038.0,-0.012524084778420042,-0.17533718689788058,-0.32755298651252407
324A,2026-05-25,304,90,S,806.0,-0.007444168734491274,-0.18362282878411906,
324A,2026-06-29,329,73,A,695.0,-0.007194244604316502,,
335A,2025-04-11,14,70,A,597.0,0.015075376884422065,-0.005025125628140725,0.11892797319933002
335A,2025-06-17,58,70,A,640.0,-0.018750000000000044,-0.004687499999999956,-0.04531249999999998
335A,2025-07-31,89,67,A,635.0,0.006299212598425141,0.0015748031496063408,-0.2708661417322835
335A,2025-09-16,120,72,A,610.0,-0.032786885245901676,-0.1983606557377049,-0.35737704918032787
335A,2025-10-30,150,72,A,461.0,-0.015184381778741818,-0.14967462039045554,-0.10412147505422997
335A,2025-12-08,175,75,A,368.0,0.0652173913043479,0.16304347826086962,0.03804347826086962
335A,2026-01-27,207,72,A,413.0,0.016949152542372836,-0.03874092009685226,0.014527845036319542
335A,2026-03-05,232,71,A,378.0,-0.013227513227513255,0.08730158730158721,-0.021164021164021163
335A,2026-05-15,278,67,A,400.0,-0.050000000000000044,-0.09250000000000003,
335A,2026-06-19,303,78,A,340.0,-0.01764705882352946,,
338A,2025-07-10,72,49,C,5570.0,-0.09605026929982041,-0.21005385996409331,-0.3087971274685817
338A,2025-08-28,105,49,C,3925.0,-0.04585987261146496,-0.32484076433121023,-0.21910828025477702
338A,2025-10-06,130,63,B,3340.0,0.16766467065868262,-0.07784431137724546,-0.1781437125748503
338A,2025-11-12,155,59,B,3080.0,-0.0032467532467532756,-0.14935064935064934,-0.12337662337662336
338A,2025-12-18,180,49,C,2455.0,0.0610997963340123,0.17107942973523427,0.1120162932790223
338A,2026-02-04,210,61,B,2915.0,-0.07375643224699824,-0.08576329331046317,0.002744425385934779
338A,2026-03-13,235,52,B,2900.0,-0.05862068965517242,-0.15103448275862064,-0.3079310344827586
338A,2026-05-28,284,61,B,2627.0,-0.15340692805481537,-0.27712219261515036,
343A,2025-04-07,1,68,A,970.0,-0.11855670103092786,-0.035051546391752564,0.04948453608247427
343A,2025-05-23,32,59,B,983.0,0.03255340793489325,0.047812817904374416,0.4008138351983723
343A,2025-07-07,63,63,B,1025.0,-0.008780487804878057,0.04878048780487809,0.4848780487804878
343A,2025-10-17,132,57,B,1355.0,0.08634686346863463,0.2309963099630996,0.009594095940959502
343A,2025-12-30,182,59,B,1550.0,-0.06903225806451618,-0.09999999999999998,-0.15548387096774197
343A,2026-02-16,211,71,A,1230.0,0.10813008130081303,0.08780487804878057,0.016260162601626105
343A,2026-04-28,260,63,B,1250.0,-0.013599999999999945,-0.06399999999999995,
343A,2026-06-08,285,56,B,1152.0,0.00694444444444442,0.22395833333333326,
369A,2025-08-04,27,59,B,2863.0,0.022004889975550057,0.11072301781348237,0.10548375829549417
369A,2025-09-10,53,71,A,3240.0,0.07253086419753085,-0.10617283950617284,-0.05092592592592593
369A,2025-11-12,94,66,A,3350.0,-0.06865671641791049,-0.09104477611940298,-0.2026865671641791
369A,2025-12-18,119,59,B,2956.0,0.124830852503383,0.0047361299052774974,-0.19113667117726663
369A,2026-01-28,144,65,A,2640.0,0.029166666666666563,0.03409090909090917,-0.0420454545454545
369A,2026-03-10,171,64,B,2639.0,-0.04964001515725658,-0.07086017430845015,-0.23910572186434254
369A,2026-05-13,212,74,A,2399.0,-0.045852438516048366,-0.17757398916215095,
369A,2026-06-17,237,82,S,2117.0,-0.017477562588568696,,
378A,2025-07-24,14,64,B,1045.0,-0.005741626794258381,0.056937799043062176,0.06507177033492817
378A,2025-10-10,67,58,B,1105.5,-0.0045228403437358455,0.042966983265490644,-0.11488014473089103
378A,2025-11-26,97,63,B,1035.5,-0.1395461129888943,-0.06228874939642681,0.12988894253983574
378A,2026-03-31,179,49,C,1174.0,0.10391822827938668,0.05153321976149905,-0.15843270868824533
378A,2026-05-21,212,53,B,1109.0,-0.06492335437330932,-0.05410279531109108,
378A,2026-06-26,238,52,B,1010.0,0.04851485148514856,,
410A,2025-10-15,14,75,A,1540.0,-0.025974025974025983,-0.01558441558441559,-0.13636363636363635
410A,2025-12-03,47,66,A,1387.0,0.023792357606344572,-0.04109589041095896,-0.22566690699351122
410A,2026-01-21,78,67,A,1307.0,-0.03596021423106355,-0.16755929609793418,-0.08110175975516454
410A,2026-02-27,103,83,S,1135.0,-0.07929515418502198,0.021145374449339283,-0.08722466960352426
410A,2026-04-23,141,73,A,1174.0,-0.010221465076660996,-0.12265758091993184,
410A,2026-06-03,166,68,A,1025.0,0.028292682926829293,0.08780487804878057,
410A,2026-07-08,191,66,A,1136.0,,,
438A,2026-03-23,98,66,A,744.0,-0.022849462365591378,0.15591397849462374,-0.04435483870967738
438A,2026-06-08,149,66,A,725.0,-0.06482758620689655,0.11724137931034484,
442A,2025-11-25,14,63,B,2001.0,0.0644677661169415,0.09195402298850586,-0.24937531234382804
442A,2026-01-07,42,72,A,2070.0,-0.004830917874396157,-0.08840579710144925,-0.32367149758454106
442A,2026-02-13,67,68,A,1501.0,-0.023317788141239193,-0.0006662225183211579,-0.31978680879413723
442A,2026-04-03,100,62,B,1398.0,0.0014306151645206988,-0.19885550786838335,-0.2689556509298998
442A,2026-05-14,125,66,A,1091.0,-0.07149404216315303,0.3418881759853345,
442A,2026-06-18,150,68,A,1063.0,-0.06396989651928509,,
460A,2025-12-18,14,68,A,1020.0,-0.03627450980392155,-0.0009803921568627416,-0.30000000000000004
460A,2026-02-04,44,83,S,919.0,0.019586507072905324,-0.02393906420021763,-0.25136017410228506
460A,2026-03-13,69,74,A,930.0,-0.23225806451612907,-0.19354838709677424,-0.048387096774193505
460A,2026-04-20,94,70,A,742.0,-0.09568733153638809,-0.23989218328840967,
460A,2026-05-29,119,78,A,649.0,-0.046224961479198745,0.5285053929121726,
460A,2026-07-03,144,82,S,881.0,0.03518728717366626,,
476A,2026-01-13,14,69,A,2420.0,-0.09421487603305789,-0.14504132231404954,-0.30743801652892566
476A,2026-02-18,39,73,A,1694.0,-0.010035419126328216,-0.04250295159386064,-0.11334120425029515
476A,2026-03-27,64,72,A,1620.0,0.00864197530864197,0.05493827160493825,-0.10802469135802473
476A,2026-05-07,89,75,A,1647.0,0.010928961748633892,-0.1317547055251973,
476A,2026-06-11,114,53,B,1402.0,0.02639087018544939,0.10342368045649075,
477A,2026-01-14,14,74,A,760.0,0.2276315789473684,-0.07631578947368423,-0.3092105263157895
477A,2026-02-19,39,73,A,668.0,0.09730538922155696,-0.09730538922155685,-0.07185628742514971
477A,2026-03-30,64,68,A,525.0,0.01333333333333342,-0.005714285714285672,0.09333333333333327
477A,2026-06-11,113,63,B,607.0,-0.047775947281713305,-0.02635914332784184,
480A,2026-01-21,16,69,A,1195.0,-0.11631799163179912,-0.07949790794979084,-0.03179916317991627
480A,2026-04-13,71,77,A,1124.0,0.02935943060498225,-0.12366548042704628,-0.14590747330960852
480A,2026-05-22,96,83,S,1022.0,-0.022504892367906093,-0.09001956947162426,
480A,2026-06-26,121,68,A,948.0,0.02742616033755274,,
505A,2026-05-14,50,80,S,1171.0,0.016225448334756587,-0.0785653287788215,
505A,2026-06-18,75,82,S,1100.0,-0.016363636363636358,,
556A,2026-05-20,16,62,B,3510.0,0.002849002849002913,-0.3527065527065527,
556A,2026-06-24,41,74,A,2178.0,0.11616161616161613,,
