code,signal_date,n_day,score,grade,entry,fwd5,fwd20,fwd60,tpsl_ret,tpsl_outcome,tpsl_days
130A,2024-05-28,73,79,A,1174.0,0.008517887563884052,-0.014480408858603022,-0.065587734241908,-0.1541737649063032,SL,28
130A,2024-07-17,108,61,B,1050.0,-0.12952380952380949,-0.07714285714285718,-0.02857142857142858,-0.11904761904761907,SL,3
130A,2024-12-23,216,79,A,743.0,0.25841184387617755,0.13189771197846567,0.08613728129205911,0.10363391655450882,TP,4
135A,2024-10-11,158,59,B,2621.0,-0.0873712323540633,-0.17779473483403285,-0.2613506295307134,-0.09500190766882866,SL,1
135A,2025-07-16,343,84,S,2150.0,0.09627906976744183,0.22418604651162788,0.3897674418604651,0.15953488372093028,TP,20
137A,2024-03-21,16,82,S,2037.0,-0.03927344133529698,-0.31026018654884635,-0.28816887579774175,-0.16200294550810013,SL,10
137A,2024-12-11,196,64,B,996.0,-0.0060240963855421326,0.06124497991967881,0.1857429718875503,-0.04317269076305219,SL,7
137A,2025-12-24,448,68,A,1041.0,-0.022094140249759864,-0.2507204610951008,-0.33045148895292986,-0.06340057636887608,SL,9
138A,2024-07-24,100,58,B,3400.0,0.10294117647058831,0.010294117647058787,-0.3023529411764706,0.17529411764705882,TP,2
138A,2025-06-10,313,59,B,1835.0,0.07847411444141694,0.13188010899182556,0.3237057220708446,-0.0457765667574932,SL,2
138A,2025-11-26,427,59,B,2715.0,-0.07108655616942905,-0.07476979742173118,0.0688766114180479,-0.0036832412523020164,SL,0
141A,2025-03-05,234,66,A,2138.0,0.19083255378858754,0.028999064546304965,-0.048175865294667886,0.09728718428437788,TP,3
142A,2024-12-10,178,58,B,591.0,-0.032148900169204686,-0.02876480541455162,-0.03891708967851104,-0.03891708967851104,SL,3
142A,2025-03-12,237,53,B,586.0,-0.0426621160409556,-0.1518771331058021,-0.027303754266211566,-0.06484641638225253,SL,11
142A,2025-06-23,306,57,B,555.0,0.03243243243243232,0.15135135135135136,0.6828828828828828,0.145945945945946,TP,13
142A,2025-11-18,406,50,B,775.0,-0.06967741935483873,-0.17290322580645157,-0.2645161290322581,-0.11354838709677417,SL,3
143A,2024-10-28,147,62,B,975.0,-0.04205128205128206,0.02564102564102555,0.004102564102564044,-0.07692307692307687,SL,5
143A,2025-07-09,317,75,A,1090.0,-0.06697247706422016,-0.044036697247706424,-0.05504587155963303,-0.12477064220183487,SL,56
143A,2025-09-05,357,67,A,1044.0,-0.031609195402298895,-0.013409961685823757,-0.171455938697318,-0.06130268199233713,SL,16
143A,2025-11-14,403,56,B,972.0,-0.048353909465020606,-0.13888888888888884,-0.17078189300411528,-0.09979423868312753,SL,12
143A,2026-03-05,475,57,B,751.0,0.009320905459387463,0.023968042609853635,-0.08921438082556588,0.0013315579227697327,時間切れ,14
145A,2025-04-17,261,71,A,551.0,0.08892921960072586,0.4392014519056262,0.9237749546279492,0.15063520871143377,TP,17
147A,2025-03-14,238,75,A,891.0,0.03142536475869817,-0.1077441077441077,-0.07968574635241299,-0.09876543209876543,SL,13
147A,2026-01-29,452,71,A,1114.0,0.0026929982046679513,-0.13464991023339323,-0.14093357271095153,-0.060143626570915654,SL,11
148A,2024-06-04,48,75,A,2101.0,-0.04426463588767249,0.02998572108519748,-0.0004759638267491928,-0.060447405997144266,SL,6
148A,2024-08-06,92,51,B,1766.0,0.18176670441676102,0.20158550396375996,0.42525481313703284,0.15005662514156293,TP,3
149A,2024-06-26,63,75,A,897.0,-0.11371237458193983,-0.1270903010033445,-0.01114827201783719,-0.1505016722408027,SL,9
149A,2024-10-17,139,85,S,839.0,-0.06317044100119185,-0.17163289630512513,-0.06912991656734202,-0.07032181168057206,SL,5
149A,2024-12-02,170,90,S,764.0,0.10471204188481686,0.05235602094240832,0.23429319371727741,0.13219895287958106,TP,5
150A,2024-04-17,17,61,B,508.0,0.08661417322834652,0.3503937007874016,0.29330708661417315,0.14566929133858264,TP,6
150A,2024-09-30,128,44,C,639.0,-0.017214397496087663,-0.032863849765258246,-0.30672926447574334,-0.07355242566510167,SL,16
151A,2024-09-27,126,71,A,893.0,0.1164613661814109,0.2150055991041433,0.03284805485809761,0.17133258678611418,TP,9
153A,2025-11-27,409,75,A,1449.0,0.0200138026224983,-0.1525189786059351,-0.2629399585921325,0.08902691511387162,TP,6
155A,2024-04-18,16,69,A,642.0,-0.02180685358255452,-0.04672897196261683,-0.01869158878504673,-0.16822429906542058,SL,26
155A,2025-12-19,425,54,B,1286.0,0.06065318818040444,0.08786936236391907,-0.31259720062208396,-0.07231726283048212,SL,1
156A,2024-10-25,143,58,B,660.0,0.018181818181818077,-0.07727272727272727,0.030303030303030276,-0.06818181818181823,SL,12
157A,2024-12-18,180,67,A,561.0,-0.09090909090909094,0.1336898395721926,-0.007130124777183555,-0.03743315508021394,SL,3
157A,2025-04-07,250,63,B,463.0,0.1166306695464363,0.20734341252699795,0.08423326133909281,0.14470842332613398,TP,3
160A,2024-12-26,182,74,A,1755.0,0.05242165242165253,0.0490028490028489,0.05584045584045594,0.054131054131054235,時間切れ,59
160A,2025-11-17,397,69,A,2657.0,-0.039141889348889736,-0.10048927361686111,-0.03274369589762893,-0.04968009032743692,SL,2
160A,2026-03-24,480,69,A,2194.0,-0.006381039197812188,-0.03828623518687324,-0.12625341841385596,-0.016408386508659945,時間切れ,9
168A,2024-08-06,83,54,B,838.0,0.27446300715990457,0.23269689737470167,0.05011933174224348,0.13723150357995229,TP,1
168A,2024-11-11,147,68,A,906.0,0.014348785871964642,0.030905077262693093,0.4006622516556291,0.13907284768211925,TP,58
173A,2025-08-22,335,76,A,1519.0,-0.0013166556945358732,0.08689927583936807,-0.026333113890717574,-0.022383146807109955,時間切れ,59
173A,2025-10-07,365,81,S,1617.0,0.008658008658008587,-0.02535559678416821,-0.04143475572046995,-0.051948051948051965,SL,25
173A,2025-11-28,400,79,A,1518.0,-0.022397891963109373,0.008563899868247793,-0.036231884057971064,0.1508563899868247,TP,36
175A,2024-05-24,26,75,A,1334.0,-0.011244377811094441,-0.03823088455772117,-0.2503748125937032,-0.06146926536731634,SL,3
175A,2024-08-19,85,83,S,1009.0,0.2467789890981169,0.021803766105054523,-0.15857284440039643,0.1397423191278493,TP,2
175A,2024-11-06,138,84,S,910.0,0.05494505494505497,-0.1197802197802198,0.05604395604395607,-0.03956043956043953,SL,6
175A,2025-10-16,368,84,S,1042.0,-0.017274472168905985,-0.04222648752399227,-0.16218809980806137,-0.08733205374280228,SL,25
175A,2025-12-15,408,78,A,833.0,-0.02400960384153661,0.04801920768307322,-0.11284513805522212,0.15006002400960394,TP,3
175A,2026-03-05,460,65,A,752.0,-0.01196808510638303,-0.12898936170212771,-0.1582446808510638,-0.05585106382978722,SL,10
177A,2024-12-04,151,84,S,1745.0,-0.03151862464183386,-0.06647564469914036,-0.013753581661891112,-0.07679083094555872,SL,21
177A,2026-01-14,419,85,S,1422.0,-0.03867791842475388,-0.15049226441631502,-0.12517580872011247,-0.04711673699015473,SL,5
177A,2026-02-20,445,85,S,1275.0,-0.050196078431372526,-0.06901960784313721,-0.07843137254901966,0.09568627450980394,TP,36
184A,2024-06-17,15,69,A,891.0,0.2895622895622896,0.11896745230078554,-0.17059483726150393,0.14141414141414144,TP,1
184A,2024-10-07,91,60,B,719.0,-0.1307371349095967,-0.21140472878998606,-0.3212795549374131,0.14742698191933234,TP,3
184A,2025-10-29,350,63,B,551.0,-0.02177858439201452,-0.02722323049001818,-0.2304900181488203,-0.0852994555353902,SL,3
184A,2026-05-15,479,58,B,335.0,-0.0029850746268657025,-0.07164179104477608,,0.04179104477611939,時間切れ,10
186A,2024-07-30,39,75,A,744.0,-0.20833333333333337,0.424731182795699,0.353494623655914,-0.157258064516129,SL,2
186A,2024-11-25,118,64,B,950.0,-0.16210526315789475,-0.15263157894736845,-0.16315789473684206,-0.05894736842105264,SL,1
186A,2025-01-20,153,64,B,653.0,-0.1041347626339969,0.0811638591117918,0.1791730474732005,0.061255742725880635,TP,2
189A,2025-04-11,205,70,A,781.0,0.015364916773367376,0.08194622279129327,0.2599231754161331,0.16005121638924447,TP,30
190A,2024-10-08,79,41,C,401.0,-0.4014962593516209,-0.486284289276808,-0.02493765586034913,0.029925187032418865,TP,0
190A,2025-08-04,279,60,B,181.0,-0.0055248618784530246,-0.02209944751381221,-0.3867403314917127,-0.04972375690607733,SL,23
190A,2025-11-17,349,69,A,106.0,-0.018867924528301883,-0.047169811320754707,0.1603773584905661,-0.06603773584905659,SL,2
192A,2025-12-23,372,71,A,2044.0,-0.014187866927592996,-0.02984344422700591,-0.14921722113502933,-0.04207436399217224,SL,3
192A,2026-05-14,463,76,A,1512.0,-0.011243386243386277,-0.13690476190476186,,-0.04960317460317465,SL,8
194A,2026-03-24,428,62,B,1610.0,0.0031055900621117516,0.16770186335403725,-0.237888198757764,0.1428571428571428,TP,9
195A,2025-10-07,319,90,S,911.0,0.0,0.002195389681668436,-0.03951701427003296,-0.06915477497255762,SL,2
195A,2026-03-19,427,86,S,1021.0,-0.05876591576885404,-0.07639569049951034,-0.32517140058765914,-0.056807051909892214,SL,5
196A,2024-07-12,16,86,S,344.0,-0.0029069767441860517,-0.04941860465116277,-0.18604651162790697,0.1191860465116279,TP,12
196A,2026-01-30,393,86,S,279.0,0.007168458781362075,-0.10035842293906805,-0.043010752688172005,0.1469534050179211,TP,10
197A,2024-10-24,86,62,B,553.0,-0.025316455696202556,0.005424954792043302,0.12477396021699816,0.15009041591320083,TP,49
197A,2026-04-01,434,76,A,502.0,0.01195219123505975,-0.02589641434262946,-0.07370517928286857,-0.029880478087649376,時間切れ,55
198A,2024-08-07,34,70,A,744.0,0.043010752688172005,0.051075268817204256,-0.032258064516129004,0.1841397849462365,TP,7
198A,2025-12-03,356,88,S,172.0,0.691860465116279,0.011627906976744207,0.2325581395348837,-0.13372093023255816,SL,1
205A,2025-04-21,198,74,A,970.0,-0.03402061855670102,0.0381443298969073,0.43711340206185567,0.15051546391752568,TP,33
205A,2025-09-12,297,89,S,1371.0,0.0897155361050328,0.12107950401167034,0.2647702407002188,0.11159737417943116,TP,4
205A,2025-11-17,339,77,A,1519.0,0.06319947333772213,0.09611586570111919,0.10862409479921009,0.1500987491770902,TP,19
205A,2026-05-27,464,83,S,1779.0,-0.1056773468240585,-0.10623946037099496,,0.027543563799887538,SL,0
211A,2024-12-13,102,79,A,2522.0,0.012291831879460702,0.045598731165741535,0.2549563838223632,0.1498810467882632,TP,56
212A,2025-11-27,330,78,A,2370.0,0.024472573839662504,0.11687763713080179,0.08438818565400852,0.1578059071729958,TP,11
218A,2025-01-09,110,74,A,422.0,-0.04028436018957349,0.24644549763033186,1.203791469194313,-0.04502369668246442,SL,4
218A,2026-04-08,413,73,A,1380.0,-0.14057971014492754,0.08768115942028976,-0.21739130434782605,-0.035507246376811574,SL,0
218A,2026-06-16,458,81,S,811.0,0.27127003699136876,,,0.10727496917385948,TP,0
219A,2024-09-19,36,75,A,1544.0,0.026554404145077815,-0.11658031088082899,0.7266839378238341,0.12759067357512954,TP,3
219A,2026-06-02,447,78,A,1510.0,0.03774834437086083,0.052980132450331174,,0.15827814569536414,TP,8
220A,2024-08-21,15,79,A,860.0,-0.032558139534883734,-0.03139534883720929,0.09302325581395343,0.08023255813953489,時間切れ,59
220A,2026-06-15,455,74,A,913.0,0.010952902519167473,0.05147864184008766,,0.05147864184008766,時間切れ,20
241A,2025-09-18,241,83,S,815.0,0.05644171779141094,-0.10184049079754598,-0.4748466257668712,-0.0699386503067485,SL,14
241A,2025-12-09,295,80,S,426.0,0.025821596244131495,0.5046948356807512,0.136150234741784,0.15962441314554,TP,16
244A,2024-12-02,46,71,A,2401.0,-0.12453144523115367,-0.10287380258225742,-0.3402748854643899,-0.1261974177426073,SL,4
244A,2025-10-30,268,82,S,1834.0,0.0070883315158123406,0.033260632497273734,-0.22628135223555068,-0.0866957470010905,SL,31
245A,2025-10-22,262,74,A,2950.0,0.02203389830508473,0.03050847457627115,-0.012542372881355957,-0.008135593220338966,時間切れ,59
245A,2026-05-28,405,80,S,2380.0,-0.012605042016806678,-0.022268907563025242,,0.04537815126050426,時間切れ,32
248A,2025-12-04,291,72,A,1802.0,0.005549389567147678,0.01442841287458374,-0.4006659267480577,-0.07214206437291892,SL,13
248A,2026-05-15,396,63,B,957.0,-0.07523510971786829,-0.07941483803552774,,-0.04179728317659348,SL,2
262A,2025-06-03,151,74,A,2031.0,-0.12604628261939932,-0.1802067946824224,0.2983751846381093,-0.05169867060561295,SL,2
264A,2025-11-18,263,81,S,622.0,0.06430868167202575,0.001607717041800738,-0.07717041800643087,0.07556270096463025,TP,0
264A,2026-03-04,332,68,A,604.0,0.20529801324503305,-0.2566225165562914,-0.5215231788079471,0.10264900662251653,TP,4
265A,2025-10-14,235,70,A,1049.0,0.0676835081029552,0.009532888465205058,0.01715919923736897,-0.035271687321258294,SL,9
265A,2026-04-22,362,78,A,699.0,-0.05007153075822601,-0.07725321888412018,,-0.08154506437768239,SL,15
265A,2026-06-22,401,86,S,623.0,0.11717495987158899,,,0.1428571428571428,TP,6
269A,2025-03-13,90,66,A,2938.0,-0.03982300884955747,-0.19196732471068756,0.0976855003403676,-0.1415929203539823,SL,11
274A,2025-01-24,41,74,A,2715.0,0.033517495395948504,-0.011418047882136295,-0.15248618784530388,0.13443830570902393,TP,12
274A,2025-05-02,107,75,A,2310.0,0.016450216450216493,0.04675324675324677,0.08311688311688314,0.11341991341991342,時間切れ,59
276A,2024-12-20,17,70,A,1132.0,0.18109540636042398,0.9567137809187278,1.9240282685512367,0.1422261484098939,TP,5
276A,2025-12-15,255,67,A,3000.0,-0.019333333333333313,-0.1283333333333333,0.15333333333333332,-0.14933333333333332,SL,21
277A,2025-10-15,213,73,A,2820.0,0.05921985815602837,-0.08368794326241136,0.02659574468085113,-0.033333333333333326,TP,0
278A,2025-10-07,208,80,S,3490.0,-0.08882521489971351,-0.08739255014326652,-0.10028653295128942,-0.166189111747851,SL,28
278A,2026-06-08,368,69,A,8500.0,0.02941176470588225,0.07411764705882362,,0.11752941176470588,TP,1
281A,2025-04-18,87,62,B,717.0,-0.07252440725244069,-0.13110181311018132,1.0962343096234308,-0.19804741980474194,SL,15
281A,2025-10-10,205,73,A,1305.0,0.03908045977011487,-0.47662835249042146,-0.7157088122605364,-0.15708812260536398,SL,7
285A,2025-01-30,27,71,A,1771.0,-0.0417843026538679,0.3822699040090345,0.03500846979107841,0.15019762845849804,TP,10
287A,2025-07-17,142,54,B,893.0,-0.023516237402015694,-0.005599104143337086,-0.043673012318029114,-0.043673012318029114,時間切れ,59
288A,2025-01-20,22,80,S,266.0,0.018796992481203034,-0.03007518796992481,-0.3571428571428571,0.15413533834586457,TP,7
288A,2025-03-14,59,84,S,225.0,-0.04888888888888887,-0.2222222222222222,0.04444444444444451,-0.11111111111111116,SL,9
288A,2025-05-27,107,83,S,149.0,0.020134228187919545,0.2818791946308725,0.1476510067114094,0.1476510067114094,TP,8
288A,2025-07-29,151,83,S,171.0,0.0584795321637428,0.08187134502923987,-0.052631578947368474,0.13450292397660824,TP,0
288A,2025-11-13,223,65,A,151.0,-0.0927152317880795,-0.10596026490066224,-0.17218543046357615,-0.04635761589403975,SL,1
288A,2026-03-04,295,78,A,126.0,-0.03968253968253965,-0.0714285714285714,-0.2222222222222222,-0.10317460317460314,SL,35
290A,2025-07-04,131,54,B,1188.0,0.04629629629629628,-0.1262626262626263,-0.24579124579124578,-0.20791245791245794,SL,15
290A,2025-08-29,169,57,B,866.0,-0.01732101616628179,0.02655889145496526,0.22748267898383379,-0.0565819861431871,SL,3
291A,2025-07-22,144,71,A,3435.0,-0.0014556040756914523,0.0029112081513829047,-0.004366812227074246,-0.04541484716157207,SL,20
291A,2026-04-08,317,80,S,2710.0,0.002952029520295163,0.05018450184501844,-0.34354243542435425,-0.04132841328413284,SL,22
296A,2025-03-14,53,74,A,576.0,0.04166666666666674,0.07465277777777768,0.19270833333333326,-0.12152777777777779,SL,14
296A,2025-05-14,92,74,A,635.0,-0.007874015748031482,0.12913385826771662,0.014173228346456623,0.17480314960629917,TP,14
298A,2025-03-11,47,79,A,573.0,0.059336823734729593,-0.11518324607329844,-0.006980802792321161,-0.0924956369982548,SL,16
298A,2025-07-09,129,68,A,524.0,0.03816793893129766,0.10305343511450382,0.45038167938931295,0.14312977099236646,TP,23
298A,2026-02-13,274,90,S,447.0,-0.21252796420581654,-0.18120805369127513,-0.33333333333333337,-0.044742729306487705,SL,0
299A,2025-12-09,236,78,A,1220.0,-0.02622950819672132,-0.04508196721311475,-0.19262295081967218,-0.049180327868852514,SL,2
299A,2026-02-16,280,69,A,1010.0,-0.025742574257425765,-0.024752475247524774,0.0871287128712872,-0.05841584158415847,SL,10
299A,2026-06-12,358,68,A,962.0,0.02079002079002068,0.08004158004158013,,0.14656964656964666,TP,21
302A,2025-05-21,93,64,B,599.0,0.09515859766277135,0.022537562604340478,0.09849749582637735,0.14023372287145253,時間切れ,59
302A,2025-06-30,121,69,A,611.0,-0.004091653027823217,-0.019639934533551506,0.13338788870703766,-0.036006546644844484,SL,14
303A,2025-01-27,18,82,S,1655.0,-0.039879154078549806,-0.12809667673716008,-0.38006042296072506,-0.1848942598187311,SL,21
303A,2026-07-03,368,80,S,564.0,0.03191489361702127,,,0.028368794326241176,時間切れ,6
319A,2025-04-09,43,48,C,4595.0,0.08378672470076176,0.015233949945593128,0.3623503808487487,0.027421109902067364,TP,2
319A,2025-06-06,82,57,B,4505.0,-0.009988901220865709,0.38068812430632626,0.30299667036625966,0.14739178690344068,TP,10
323A,2025-03-17,17,79,A,724.0,-0.08287292817679559,0.006906077348066253,0.37983425414364635,-0.11325966850828728,SL,5
323A,2025-10-15,160,81,S,675.0,-0.10962962962962963,-0.19259259259259254,-0.2918518518518518,-0.034074074074074034,SL,0
323A,2025-12-05,195,71,A,474.0,-0.05485232067510548,0.02742616033755274,-0.08860759493670889,-0.0675105485232067,SL,6
323A,2026-06-15,320,78,A,393.0,-0.027989821882951627,0.08142493638676851,,0.08142493638676851,時間切れ,20
325A,2025-10-02,147,61,B,1440.0,0.13194444444444442,-0.05324071248372397,0.039351823594835134,-0.05902777777777779,SL,9
330A,2025-09-02,115,61,B,1009.0,-0.010901883052527261,-0.06838453914767095,-0.10307234886025773,-0.02378592666005952,SL,0
330A,2025-12-08,179,66,A,873.0,-0.021764032073310458,0.043528064146620915,-0.3161512027491409,-0.07789232531500567,SL,37
331A,2025-12-15,183,75,A,495.0,-0.014141414141414121,0.101010101010101,-0.012121212121212088,-0.03838383838383841,SL,2
332A,2025-07-09,76,75,A,800.0,-0.016249999999999987,0.1200000000000001,0.043749999999999956,0.13749999999999996,TP,21
335A,2025-04-11,14,70,A,597.0,0.015075376884422065,-0.005025125628140725,0.11892797319933002,0.05360134003350092,TP,5
335A,2026-06-04,292,83,S,376.0,-0.037234042553191515,-0.11702127659574468,,-0.06914893617021278,SL,8
336A,2025-05-15,33,93,S,1050.0,0.1657142857142857,0.24571428571428577,0.1428571428571428,0.1104761904761904,TP,1
336A,2026-06-10,294,84,S,789.0,-0.021546261089987362,0.08491761723700897,,-0.06590621039290245,SL,3
338A,2025-07-22,79,57,B,5725.0,-0.37205240174672494,-0.29432314410480354,-0.2620087336244541,-0.15283842794759828,SL,1
338A,2025-10-06,130,63,B,3340.0,0.16766467065868262,-0.07784431137724546,-0.1781437125748503,0.06377245508982043,TP,0
338A,2025-12-23,183,62,B,2625.0,-0.09333333333333338,0.16761904761904756,0.07619047619047614,-0.09828571428571431,SL,5
339A,2026-04-14,256,78,A,1169.0,-0.031650983746792094,-0.14627887082976898,-0.135158254918734,0.10008554319931573,SL,0
339A,2026-06-15,296,77,A,908.0,-0.03964757709251099,0.11343612334801767,,-0.040748898678414136,SL,6
341A,2025-10-14,135,66,A,2312.0,0.09342560553633228,0.11072664359861584,-0.011678200692041507,0.1738754325259515,TP,21
343A,2026-01-23,196,67,A,1404.0,0.033475783475783505,-0.029202279202279247,-0.07977207977207978,-0.0733618233618234,SL,14
350A,2025-09-17,101,86,S,1026.6666259765625,-0.09090907469550091,-0.17370128576903054,-0.2879869847676457,-0.14967529097421983,SL,7
350A,2026-06-15,279,87,S,780.0,-0.04487179487179482,-0.02564102564102566,,-0.02564102564102566,時間切れ,20
352A,2026-02-17,199,94,S,761.0,0.01182654402102501,-0.1918528252299606,-0.35611038107752957,-0.22207621550591328,SL,21
352A,2026-04-14,237,80,S,502.0,0.11155378486055767,0.01195219123505975,0.03784860557768921,-0.0816733067729084,SL,24
365A,2025-07-30,28,83,S,687.0,-0.017467248908296984,0.04366812227074246,-0.16448326055312956,-0.14410480349344978,SL,50
368A,2025-08-12,33,79,A,1604.0,-0.014339152119700715,-0.0822942643391521,-0.16396508728179549,-0.12593516209476308,SL,41
369A,2026-05-21,218,74,A,2304.0,-0.01692708333333337,-0.09375,,-0.1015625,SL,7
373A,2025-10-15,73,79,A,2575.0,-0.2318446601941747,-0.31456310679611654,-0.3572815533980582,0.19805825242718456,SL,0
378A,2025-12-04,103,67,A,887.0,0.02931228861330326,0.13359639233370912,0.4532130777903043,-0.04284103720405863,SL,0
387A,2026-06-04,208,57,B,850.0,-0.020000000000000018,0.12941176470588234,,0.14941176470588236,TP,25
402A,2025-11-07,59,64,B,613.0,-0.08646003262642743,-0.2887438825448614,-0.09298531810766719,-0.11908646003262646,SL,5
407A,2026-06-02,164,63,B,879.0,0.005688282138794021,-0.05005688282138798,,0.011376564277588264,時間切れ,29
410A,2025-12-18,58,63,B,1353.0,0.010347376201034653,-0.05691056910569103,-0.1869918699186992,-0.039911308203991136,SL,8
410A,2026-02-27,103,83,S,1135.0,-0.07929515418502198,0.021145374449339283,-0.08722466960352426,-0.07048458149779735,時間切れ,59
414A,2025-11-21,34,71,A,1159.0,-0.04831751509922344,-0.0017256255392580355,-0.1285591026747196,-0.09232096635030196,SL,8
414A,2026-01-28,77,81,S,1000.0,0.008000000000000007,0.026000000000000023,0.0040000000000000036,-0.061000000000000054,SL,22
423A,2026-05-15,140,68,A,305.0,-0.006557377049180357,-0.022950819672131195,,-0.003278688524590123,時間切れ,41
431A,2026-02-16,80,90,S,1789.0,0.0,0.019005030743432183,0.11235326998323081,-0.05142537730575736,SL,9
438A,2025-11-13,14,71,A,1270.0,0.10157480314960621,0.20866141732283472,-0.0771653543307087,0.1645669291338583,TP,6
441A,2026-04-27,117,78,A,310.0,-0.06451612903225812,-0.1064516129032258,,-0.048387096774193505,SL,3
441A,2026-06-29,158,75,A,230.0,0.08695652173913038,,,0.08695652173913038,時間切れ,10
442A,2025-11-27,16,77,A,2111.0,-0.000473709142586487,0.011842728564661398,-0.28090952155376603,-0.09616295594504976,SL,9
462A,2026-01-20,29,75,A,972.0,-0.11316872427983538,0.17798353909465026,-0.15843621399176955,-0.06172839506172845,SL,1
462A,2026-06-04,119,96,S,419.0,-0.042959427207637235,-0.40572792362768495,,-0.09785202863961817,SL,6
472A,2026-01-28,26,82,S,650.0,0.04615384615384621,-0.1907692307692308,-0.20769230769230773,-0.05230769230769228,SL,0
472A,2026-06-17,119,77,A,411.0,-0.07299270072992703,,,-0.06812652068126523,SL,3
477A,2026-03-18,57,81,S,669.0,-0.18385650224215244,-0.19730941704035876,-0.07623318385650224,-0.0717488789237668,SL,1
479A,2026-02-16,34,75,A,1545.0,-0.06860841423948216,-0.032362459546925515,-0.06148867313915862,-0.11262135922330097,SL,10
480A,2026-06-02,103,83,S,990.0,-0.10505050505050506,-0.045454545454545414,,-0.03535353535353536,SL,0
520A,2026-04-28,25,68,A,587.0,-0.11584327086882451,-0.20102214650766614,,-0.10902896081771718,SL,4
523A,2026-06-18,56,62,B,1610.0,0.008074534161490732,,,-0.06211180124223603,SL,17
550A,2026-06-23,50,67,A,1965.0,0.0625954198473282,,,0.15165394402035615,TP,1
556A,2026-07-02,47,70,A,2456.0,-0.026058631921824116,,,-0.07084690553745931,時間切れ,7
5858,2025-12-01,416,73,A,1575.0,0.06222222222222218,0.06793650793650796,-0.007619047619047636,0.14920634920634912,TP,28
5871,2024-04-25,54,56,B,2477.0,0.10254339927331446,-0.10335082761404923,-0.16431166733952363,0.15018167137666527,TP,12
5871,2024-08-06,123,68,A,1514.0,0.16512549537648602,0.27741083223249663,0.12219286657859985,0.190224570673712,TP,5
5871,2024-10-25,177,63,B,1613.0,0.05703657780533167,0.03037817730936143,-0.046497210167389946,-0.08493490390576564,SL,33
5871,2024-12-25,219,72,A,1510.0,0.062251655629139035,0.0331125827814569,0.06754966887417213,0.14966887417218544,TP,6
5871,2025-08-22,378,67,A,1774.0,0.014656144306651742,0.013528748590755368,-0.09131905298759868,-0.08680947012401352,SL,33
5871,2025-12-15,454,74,A,1540.0,-0.02402597402597406,-0.06038961038961044,-0.0714285714285714,-0.05974025974025976,時間切れ,35
