code,status,detail
5871,ok,
130A,ok,
135A,ok,
137A,ok,
138A,ok,
141A,ok,
5858,ok,初値乖離: 収集値3215.0 vs yfinance1608
142A,ok,初値乖離: 収集値3980.0 vs yfinance1990
143A,ok,
145A,ok,
147A,ok,
148A,ok,
150A,ok,
146A,ok,初値乖離: 収集値3745.0 vs yfinance1872
149A,ok,
151A,ok,初値乖離: 収集値3225.0 vs yfinance1075
153A,ok,
155A,ok,
156A,ok,
157A,ok,
160A,ok,
168A,ok,
173A,ok,
175A,ok,
176A,empty,
177A,ok,
184A,ok,
186A,ok,
189A,ok,
190A,ok,
192A,ok,
195A,ok,
194A,ok,
197A,ok,
198A,ok,
196A,ok,
202A,empty,
205A,ok,
206A,ok,
211A,ok,
212A,ok,
215A,ok,
218A,ok,
219A,ok,
220A,ok,
228A,ok,
231A,empty,
241A,ok,
242A,empty,
244A,ok,
245A,ok,
246A,ok,
248A,ok,
247A,ok,初値乖離: 収集値2514.0 vs yfinance503
250A,ok,
259A,empty,
260A,empty,
261A,ok,
262A,ok,
264A,ok,
9023,ok,
268A,ok,
265A,ok,
269A,ok,
274A,ok,
276A,ok,
277A,ok,初値乖離: 収集値5600.0 vs yfinance1120
278A,ok,
280A,ok,
281A,ok,
286A,ok,
288A,ok,
287A,ok,
291A,ok,
285A,ok,
290A,ok,
299A,ok,
296A,ok,
5241,empty,
297A,ok,
300A,ok,
298A,ok,
303A,ok,
304A,ok,
302A,ok,初値乖離: 収集値3325.0 vs yfinance1662
7118,empty,
319A,ok,
7790,empty,
323A,ok,
324A,ok,
325A,ok,初値乖離: 収集値2600.0 vs yfinance867
330A,ok,
331A,ok,
5016,ok,
332A,ok,
9388,empty,
335A,ok,
334A,ok,初値乖離: 収集値3040.0 vs yfinance1520
338A,ok,初値乖離: 収集値5000.0 vs yfinance2500
336A,ok,
339A,ok,
341A,ok,
340A,ok,初値乖離: 収集値2030.0 vs yfinance677
343A,ok,
350A,ok,初値乖離: 収集値5310.0 vs yfinance885
352A,ok,
353A,empty,
365A,ok,
366A,ok,初値乖離: 収集値3300.0 vs yfinance1650
367A,ok,
368A,ok,
369A,ok,
372A,ok,
373A,ok,
378A,ok,初値乖離: 収集値2166.0 vs yfinance1083
386A,ok,
387A,ok,
391A,empty,
402A,ok,
409A,ok,
410A,ok,
407A,ok,
414A,ok,
421A,ok,
418A,empty,
428A,ok,
423A,ok,
429A,ok,
431A,ok,
436A,ok,
438A,ok,
441A,ok,初値乖離: 収集値750.0 vs yfinance375
442A,ok,
275A,empty,
446A,ok,
456A,ok,初値乖離: 収集値3440.0 vs yfinance860
460A,ok,
462A,ok,
469A,ok,
5537,ok,
471A,ok,
8303,ok,初値乖離: 収集値1586.0 vs yfinance55319998464
472A,ok,
475A,ok,
476A,ok,
485A,ok,初値乖離: 収集値1130.0 vs yfinance377
477A,ok,
483A,ok,
478A,ok,
479A,ok,
480A,ok,
500A,ok,
504A,ok,
505A,ok,
519A,ok,
520A,ok,
523A,ok,
542A,ok,
548A,ok,
549A,ok,
550A,ok,
554A,ok,
558A,ok,
556A,ok,
559A,ok,
581A,ok,
584A,ok,
589A,ok,
598A,ok,
607A,ok,
603A,ok,初値乖離: 収集値703.0 vs yfinance953
604A,ok,
593A,ok,
590A,ok,初値乖離: 収集値995.0 vs yfinance1070
575A,ok,
543A,ok,初値乖離: 収集値387.0 vs yfinance400
544A,ok,
545A,ok,
546A,ok,
547A,ok,
634A,ok,
622A,ok,
623A,ok,
627A,ok,
625A,ok,
619A,ok,
621A,ok,
618A,ok,
