code,vc_ratio,sales_growth,is_profitable,lockup_days,lockup_has_15x,mcap_offer_oku,absorption_oku,source
5871,6.51,11.2,True,180.0,False,88.2,16.8,https://kabu.96ut.com/article/ipo/2024001/ ; https://www.ipokiso.com/company/2024/solize.html
130A,27.8,100.8,True,180.0,False,63.0,9.2,https://www.ipokiso.com/company/2024/veritasinsilico.html ; https://kabu.96ut.com/article/ipo/2024002/ ; https://finance.matsui.co.jp/stock/130A/settlement/index
135A,16.65,79.2,True,180.0,True,279.0,35.2,https://www.ipokiso.com/company/2024/vrain.html ; https://kabu.96ut.com/article/ipo/2024003/
137A,13.51,43.1,True,180.0,True,52.0,12.6,https://www.ipokiso.com/company/2024/cocolive.html ; https://kabu.96ut.com/article/ipo/2024004/
138A,0.0,93.9,True,180.0,False,26.3,9.78,https://kabu.96ut.com/article/ipo/2024005/ ; https://www.ipokiso.com/company/2024/hikari-food-service.html
141A,9.45,9.7,True,180.0,False,1842.8,407.4,https://www.ipokiso.com/company/2024/trial-holdings.html
5858,40.3,34.0,True,180.0,True,18.9,6.84,https://www.ipokiso.com/company/2024/stgroup.html ; https://kabu.96ut.com/article/ipo/2024013/
142A,13.9,56.0,True,180.0,True,24.4,7.04,https://kabu.96ut.com/article/ipo/2024007/ ; https://www.ipokiso.com/company/2024/jinjib.html
143A,0.0,12.1,True,180.0,False,19.8,6.08,https://irbank.net/E39406/notes/SummaryOfShareholdersTextBlock?f=S100SXJL ; https://www.ipokiso.com/company/2024/ishin.html
145A,8.04,31.8,True,90.0,True,58.9,19.8,https://irbank.net/E39409/notes/SummaryOfShareholdersTextBlock?f=S100SXJG ; https://www.ipokiso.com/company/2024/l-is-b.html ; https://finance.matsui.co.jp/stock/145A/settlement/index
147A,2.22,15.6,True,180.0,,376.0,108.1,https://kabu.96ut.com/article/ipo/2024010/ ; https://www.ipokiso.com/company/2024/soracom.html
148A,17.42,16.1,False,180.0,True,39.2,7.53,https://kabu.96ut.com/article/ipo/2024011/ ; https://www.ipokiso.com/company/2024/hatchwork.html
150A,47.21,27.4,True,180.0,True,25.0,4.45,https://kabu.96ut.com/article/ipo/2024016/ ; https://www.ipokiso.com/company/2024/jsh-japan.html
146A,0.0,31.4,True,90.0,False,110.0,34.6,https://kabu.96ut.com/article/ipo/2024008/ ; https://irbank.net/E39407/results ; https://www.ipokiso.com/company/2024/columbiaworks.html
149A,37.91,35.4,True,90.0,True,41.7,9.41,https://kabu.96ut.com/article/ipo/2024014/ ; https://www.ipokiso.com/company/2024/thinca.html
151A,3.0,106.1,True,180.0,False,50.3,12.8,https://kabu.96ut.com/article/ipo/2024015/ ; https://www.ipokiso.com/company/2024/dive.html
153A,4.51,57.3,True,180.0,False,93.1,27.9,https://kabu.96ut.com/article/ipo/2024018/ ; https://www.ipokiso.com/company/2024/caulis.html
155A,0.0,27.4,True,180.0,False,59.8,14.3,https://kabu.96ut.com/article/ipo/2024019/ ; https://www.ipokiso.com/company/2024/is-tech.html
156A,87.12,11.4,True,180.0,False,116.0,66.3,https://kabu.96ut.com/article/ipo/2024017/ ; https://www.ipokiso.com/company/2024/materialgroup.html
157A,24.28,22.5,True,180.0,True,31.2,11.2,https://kabu.96ut.com/article/ipo/2024020/ ; https://irbank.net/E39408/results ; https://www.ipokiso.com/company/2024/greenmonster.html
160A,0.0,10.9,True,90.0,False,64.7,19.8,https://www.ipokiso.com/company/2024/as-partners.html ; https://kabu.96ut.com/article/ipo/2024021/
168A,11.04,19.0,True,180.0,True,23.4,10.4,https://www.ipokiso.com/company/2024/itamiarts.html
173A,0.0,5.8,True,180.0,False,89.8,31.4,https://kabu.96ut.com/article/ipo/2024023/
175A,0.0,-26.3,False,90.0,True,19.9,10.7,https://www.ipokiso.com/company/2024/willsmart.html ; https://ipokabu.net/ipo/175A
176A,4.63,57.7,True,180.0,False,198.1,64.0,https://www.ipokiso.com/company/2024/rezil.html ; https://kabu.96ut.com/article/ipo/2024025/
177A,5.0,20.2,True,90.0,True,95.2,18.5,https://kabu.96ut.com/article/ipo/2024026/
184A,31.16,24.3,True,180.0,True,21.8,8.16,https://kabu.96ut.com/article/ipo/2024027/
186A,30.55,97.1,False,180.0,False,804.2,192.4,https://www.ipokiso.com/company/2024/astroscale.html
189A,6.95,19.4,True,180.0,True,21.1,7.82,https://www.ipokiso.com/company/2024/dmcompany.html ; https://kabu.96ut.com/article/ipo/2024029/
190A,64.67,,True,90.0,False,100.3,16.0,https://www.ipokiso.com/company/2024/chordiatherapeutics.html ; https://kabu.96ut.com/article/ipo/2024030/
192A,0.0,70.2,True,180.0,False,78.5,23.3,https://kabu.96ut.com/article/ipo/2024031/ ; https://www.ipokiso.com/company/2024/integroup.html
195A,11.0,85.1,False,180.0,True,42.1,11.5,https://kabu.96ut.com/article/ipo/2024033/ ; https://www.ipokiso.com/company/2024/ricecurry.html
194A,57.19,8.3,True,180.0,True,61.3,8.08,https://kabu.96ut.com/article/ipo/2024032/
197A,61.72,-10.2,True,180.0,False,460.0,106.7,"https://kabu.96ut.com/article/ipo/2024035/ ; https://www.ipokiso.com/company/2024/tauns.html （売上高・経常利益は百万円単位: 2023/06期 売上15,673百万円、経常利益4,953百万円。時価総額は96ut.comの想定時価総額440.0億円と公開価格460円ベースの数値に幅あり、460億円は概算）"
198A,0.0,18.9,True,180.0,,45.4,15.1,https://kabu.96ut.com/article/ipo/2024036/
196A,37.75,90.6,False,180.0,True,36.2,19.8,https://kabu.96ut.com/article/ipo/2024034/ ; https://www.ipokiso.com/company/2024/mortgagefss.html
202A,,8.4,True,180.0,False,213.0,68.3,"https://kabu.96ut.com/article/ipo/2024037/ ; https://www.ipokiso.com/company/2024/mamezo-dhd.html （筆頭株主は事業会社の豆蔵K2TOPホールディングス96.74%でVCではない。96ut.comのVC推定保有16,000,000株の記載は文脈上ロックアップ対象株数を指す可能性があり、VC・投資ファンドとしての保有比率は確認できずnullとした）"
205A,84.26,16.8,True,180.0,True,89.4,36.7,https://kabu.96ut.com/article/ipo/2024038/ （筆頭株主エンデバー・ユナイテッド２号投資事業有限責任組合が84.26%保有）
206A,54.49,-79.6,False,90.0,True,159.0,20.7,https://kabu.96ut.com/article/ipo/2024039/
211A,0.0,25.1,True,180.0,False,27.4,14.3,https://kabu.96ut.com/article/ipo/2024040/ ; https://www.ipokiso.com/company/2024/cados.html （筆頭株主は(株)ネクストライト・(株)せんじゅ等の事業会社/創業家でVC・投資ファンドは確認できずvc_ratio=0とした。時価総額はソース間で27.0〜27.4億円と若干の幅あり）
212A,0.0,42.6,True,180.0,False,150.5,47.0,https://www.ipokiso.com/company/2024/fiteasy.html
215A,33.0,160.0,True,360.0,False,1265.3,493.2,https://www.ipokiso.com/company/2024/timee.html
218A,57.7,46.0,False,90.0,True,55.6,10.7,https://www.ipokiso.com/company/2024/liberaware.html
219A,26.73,-30.9,False,180.0,True,244.2,23.0,https://www.ipokiso.com/company/2024/heartseed.html
220A,50.38,9.4,True,180.0,False,29.1,12.0,https://www.ipokiso.com/company/2024/fabercompany.html
228A,1.4,25.5,True,180.0,True,27.3,8.1,https://www.ipokiso.com/company/2024/opro.html
231A,0.0,,True,180.0,False,28.5,9.2,https://www.ipokiso.com/company/2024/cross-e-hd.html
241A,18.04,70.8,False,360.0,False,153.5,70.9,https://www.ipokiso.com/company/2024/roxx.html
242A,0.11,14.0,True,180.0,False,17.9,4.2,https://www.ipokiso.com/company/2024/repriority.html
244A,,13.5,True,90.0,False,42.0,11.2,https://www.ipokiso.com/company/2024/gxp.html
245A,0.0,21.7,True,180.0,False,47.1,11.9,https://kabu.96ut.com/article/ipo/2024051/
246A,0.0,0.9,True,180.0,False,17.1,7.42,https://kabu.96ut.com/article/ipo/2024053/
248A,1.66,35.5,True,90.0,True,64.0,20.4,https://kabu.96ut.com/article/ipo/2024054/ ; https://ipokabu.net/ipo/248A
247A,39.9,93.7,True,180.0,True,200.0,26.6,https://kabu.96ut.com/article/ipo/2024052/
250A,0.0,14.3,True,180.0,False,285.9,49.3,https://kabu.96ut.com/article/ipo/2024055/ ; https://ipokabu.net/ipo/250A （注: ipokiso.com/irbank.netでは経常利益34.7億円/連結ベースの記載あり。96ut/ipokabuは経常利益25.8億円・前年比+14.3%で一致、単体または速報値の可能性）
259A,7.8,5.5,True,180.0,True,21.8,5.31,https://kabu.96ut.com/article/ipo/2024056/
260A,40.0,54.2,False,180.0,True,180.0,55.8,"https://kabu.96ut.com/article/ipo/2024057/ ; https://www.ipokiso.com/company/2024/alt.html （VC比率は96ut概算47.6%とipokiso合算約33%で幅あり。主要VC株主: Vertex Growth Fund II 13.29%, ジャフコSV4 9.17%, SBI Ventures Two 4.82%, SBI AI&Blockchain 3.85%等を合算すると約40%前後）"
261A,49.65,5.4,True,180.0,False,169.7,86.3,https://kabu.96ut.com/article/ipo/2024058/ ; https://www.ipokiso.com/company/2024/nissuicon.html
262A,0.0,11.1,True,180.0,False,498.0,200.0,https://kabu.96ut.com/article/ipo/2024059/
264A,53.7,52.4,False,360.0,False,80.1,43.0,https://kabu.96ut.com/article/ipo/2024061/
9023,0.0,12.7,True,180.0,False,6972.0,3195.5,https://kabu.96ut.com/article/ipo/2024064/ ; https://www.ipokiso.com/company/2024/tokyometro.html
268A,75.48,27.4,True,180.0,False,2770.8,1260.7,https://www.ipokiso.com/company/2024/rigaku.html ; https://kabu.96ut.com/article/ipo/2024063/
265A,18.53,10.2,True,180.0,True,33.6,8.9,https://www.ipokiso.com/company/2024/hmcom.html ; https://kabu.96ut.com/article/ipo/2024062/
269A,2.05,40.3,False,180.0,False,22.2,5.57,https://kabu.96ut.com/article/ipo/2024065/ ; https://www.ipokiso.com/company/2024/sapeet.html
274A,0.0,29.4,True,180.0,False,204.6,58.88,https://www.ipokiso.com/company/2024/gardengroup.html ; https://kabu.96ut.com/article/ipo/2024066/
276A,6.29,36.4,True,180.0,False,43.1,14.6,https://www.ipokiso.com/company/2024/ccreb.html ; https://kabu.96ut.com/article/ipo/2024067/
277A,0.0,59.8,True,180.0,False,265.7,42.1,https://www.ipokiso.com/company/2024/globe-ing.html ; https://kabu.96ut.com/article/ipo/2024068/
278A,17.04,52.0,False,180.0,True,219.0,37.7,https://www.ipokiso.com/company/2024/terra-drone.html ; https://kabu.96ut.com/article/ipo/2024069/
280A,18.81,256.9,True,180.0,True,53.3,10.4,https://kabu.96ut.com/article/ipo/2024070/ ; https://www.ipokiso.com/company/2024/tmh-inc.html
281A,57.0,86.0,False,90.0,False,52.5,30.6,https://www.ipokiso.com/company/2024/informetis.html ; https://kabu.96ut.com/article/ipo/2024071/
286A,4.32,8.7,True,180.0,False,402.0,125.0,https://kabu.96ut.com/article/ipo/2024072/
288A,0.0,12.2,True,180.0,False,72.0,24.1,https://kabu.96ut.com/article/ipo/2024074/
287A,97.09,-9.0,True,180.0,False,325.0,97.7,https://kabu.96ut.com/article/ipo/2024073/ ; https://www.marr.jp/mainfo/news/entry/61857（筆頭株主ケイエム・ツー・エルピーはMBKパートナーズ運営のバイアウトPEファンド。狭義のVCではなくPEファンドとして計上）
291A,0.0,61.2,True,180.0,False,77.6,24.6,https://kabu.96ut.com/article/ipo/2024077/
285A,54.91,-16.0,False,180.0,False,7843.0,1203.0,"https://kabu.96ut.com/article/ipo/2024086/（VC比率はBCPE Pangea Cayman L.P./2/1A/1B各ファンド合算の概算値。経常損益は96ut抽出値-3433億円だが桁再確認要、みんかぶ等でも時価総額7,843億円・吸収1,203億円は他ソースと一致）"
290A,32.0,181.7,False,180.0,False,497.9,112.7,https://www.ipokiso.com/company/2024/synspective.html ; https://kabu.96ut.com/article/ipo/2024076/（売上高13.86億円/前期4.92億円、経常損失19.51億円で確定。時価総額・吸収額は96ut版(519億円/117億円)とipokiso版(497.9億円/112.7億円)で若干差異あり、後者を採用）
299A,19.9,41.9,True,360.0,False,495.0,174.0,https://kabu.96ut.com/article/ipo/2024083/（VC比率はジャフコSV5共有13.56%+ジャフコSV5スター3.39%+Kepple1.37%+イーストベンチャーズ1.00%の合算。ロックアップは主要株主360日・その他58名180日の二段階、中心的日数として360日を採用。YJ2号投資事業組合(14.58%)はLINEヤフー系のCVCのためVC集計に含めず）
296A,0.0,14.2,True,180.0,False,136.0,12.4,https://kabu.96ut.com/article/ipo/2024078/
5241,0.0,13.6,True,180.0,False,4.42,1.13,https://kabu.96ut.com/article/ipo/2024079/
297A,4.68,7.5,True,180.0,False,148.6,29.9,"https://www.ipokiso.com/company/2024/alpico.html ; https://kabu.96ut.com/article/ipo/2024081/（経常利益は21.23億円=2,123百万円で確定。VCは八十二キャピタル4.68%。時価総額は96ut版135億円とipokiso版148.6億円で差異あり、後者を採用）"
300A,0.0,-2.1,True,90.0,False,68.1,19.8,https://kabu.96ut.com/article/ipo/2024082/
298A,34.9,74.0,False,180.0,,31.8,9.0,https://kabu.96ut.com/article/ipo/2024080/
303A,0.0,30.0,True,180.0,False,12.6,5.92,https://kabu.96ut.com/article/ipo/2024087/
304A,0.0,-9.3,True,180.0,False,21.0,4.28,https://kabu.96ut.com/article/ipo/2024085/
302A,0.0,6.2,True,180.0,False,30.0,13.5,https://kabu.96ut.com/article/ipo/2024084/
7118,0.0,9.6,True,180.0,False,22.2,2.8,https://kabu.96ut.com/article/ipo/2024060/
319A,0.0,37.1,True,180.0,False,172.0,33.4,https://kabu.96ut.com/article/ipo/2025001/ ; https://www.idaten.vc/post/技術承継機構の上場目論見書を紐解く
7790,0.0,27.4,True,180.0,False,16.7,1.76,https://kabu.96ut.com/article/ipo/2025002/
323A,13.0,23.8,False,360.0,True,22.5,5.13,https://kabu.96ut.com/article/ipo/2025004/
324A,0.0,42.6,True,180.0,False,70.6,20.4,https://kabu.96ut.com/article/ipo/2025003/
325A,30.0,172.2,True,180.0,False,130.53,59.24,https://www.ipokiso.com/company/2025/tential.html ; https://kabu.96ut.com/article/ipo/2025005/
330A,43.4,46.2,True,180.0,True,41.3,14.7,https://kabu.96ut.com/article/ipo/2025006/ ; https://www.ipokiso.com/company/2025/talentx.html
331A,0.0,-2.2,True,180.0,False,64.6,21.1,https://kabu.96ut.com/article/ipo/2025007/
5016,0.0,-7.7,True,180.0,False,8003.4,4611.1,https://www.ipokiso.com/company/2025/jx-nmm.html
332A,12.52,-10.0,True,180.0,True,91.1,29.2,https://kabu.96ut.com/article/ipo/2025008/
9388,0.0,12.1,True,180.0,False,12.7,1.61,https://kabu.96ut.com/article/ipo/2025012/
335A,0.0,21.7,True,180.0,False,28.2,7.14,https://kabu.96ut.com/article/ipo/2025011/
334A,0.0,15.9,True,180.0,False,23.6,6.95,https://kabu.96ut.com/article/ipo/2025010/
338A,10.5,89.8,True,180.0,True,20.7,5.23,https://kabu.96ut.com/article/ipo/2025015/
336A,27.3,51.2,False,180.0,True,277.0,83.2,https://kabu.96ut.com/article/ipo/2025013/
339A,95.03,7.0,True,90.0,False,151.0,85.3,https://kabu.96ut.com/article/ipo/2025014/ ; https://www.ipokiso.com/company/2025/progresstech-group.html
341A,3.25,-1.97,False,180.0,False,95.0,31.0,https://kabu.96ut.com/article/ipo/2025017/ ; https://www.ipokiso.com/company/2025/toyokoh.html
340A,27.8,37.9,True,90.0,True,34.5,12.9,https://kabu.96ut.com/article/ipo/2025016/ ; https://www.ipokiso.com/company/2025/zig-zag.html
343A,0.0,46.3,True,180.0,False,49.0,13.9,https://www.ipokiso.com/company/2025/iace.html
350A,9.02,108.0,True,180.0,False,282.6,96.0,https://www.ipokiso.com/company/2025/digitalgrid.html
352A,21.49,28.4,True,180.0,True,173.3,47.9,https://www.ipokiso.com/company/2025/lifecreate.html
353A,0.0,18.1,True,180.0,False,16.0,1.9,https://www.ipokiso.com/company/2025/evcom.html
365A,71.91,-1.15,True,180.0,False,70.0,30.2,https://www.ipokiso.com/company/2025/izawa-towel.html
366A,37.94,23.5,True,180.0,False,147.0,42.3,https://www.ipokiso.com/company/2025/wellcoms.html
367A,89.91,6.1,True,180.0,False,195.5,166.2,https://www.ipokiso.com/company/2025/primoghd.html
368A,0.0,7.8,True,180.0,False,488.0,196.4,https://www.ipokiso.com/company/2025/kitazato.html ; https://kabu.96ut.com/article/ipo/2025025/
369A,0.0,23.2,True,180.0,False,63.4,24.3,https://kabu.96ut.com/article/ipo/2025026/
372A,3.39,7.5,True,180.0,False,162.0,42.0,https://kabu.96ut.com/article/ipo/2025027/
373A,35.59,21.05,True,180.0,False,79.8,39.9,https://kabu.96ut.com/article/ipo/2025028/
378A,0.0,20.0,True,180.0,False,93.4,27.9,https://kabu.96ut.com/article/ipo/2025029/
386A,3.33,11.9,True,180.0,,53.9,12.3,https://kabu.96ut.com/article/ipo/2025031/
387A,13.33,0.7,True,180.0,True,19.8,3.2,https://kabu.96ut.com/article/ipo/2025032/
391A,0.0,24.1,True,180.0,False,32.1,4.94,https://kabu.96ut.com/article/ipo/2025033/
402A,33.5,60.7,False,180.0,True,346.9,86.2,https://kabu.96ut.com/article/ipo/2025035/ ; https://ipokabu.net/ipo/402A ; https://www.ipokiso.com/company/2025/axelspacehd.html
409A,70.91,15.6,True,180.0,False,346.9,269.4,https://kabu.96ut.com/article/ipo/2025037/ ; https://www.ipokiso.com/company/2025/orionbeer.html ; https://ipokabu.net/ipo/409A
410A,0.0,22.1,True,180.0,False,60.9,21.2,https://www.ipokiso.com/company/2025/gmo-c.html ; https://kabu.96ut.com/article/ipo/2025038/
407A,94.91,-3.2,True,180.0,False,,57.6,https://www.ipokiso.com/company/2025/unicon-holdings.html
414A,54.29,8.0,True,180.0,False,320.0,160.0,https://www.ipokiso.com/company/2025/over-lap.html
421A,0.0,2.8,True,180.0,False,161.2,46.3,https://www.ipokiso.com/company/2025/movin.html
418A,11.49,79.3,True,180.0,True,,45.9,https://www.ipokiso.com/company/2025/uridoki.html
428A,47.99,16.3,True,360.0,False,90.4,31.6,https://www.ipokiso.com/company/2025/cypress-holdings.html ; https://kabu.96ut.com/article/ipo/2025043/
423A,0.0,5.67,True,180.0,False,66.8,10.4,https://www.ipokiso.com/company/2025/lion-jimuki.html ; https://kabu.96ut.com/article/ipo/2025042/
429A,49.5,10.3,True,180.0,False,2978.0,1508.7,https://www.ipokiso.com/company/2025/photomask.html ; https://kabu.96ut.com/article/ipo/2025048/
431A,22.23,20.6,True,180.0,False,,50.8,https://www.ipokiso.com/company/2025/usonar.html
436A,4.66,13.8,True,180.0,False,217.8,42.5,https://www.ipokiso.com/company/2025/cybersolutions.html ; https://kabu.96ut.com/article/ipo/2025045/
438A,13.81,22.9,True,180.0,True,342.7,115.4,https://www.ipokiso.com/company/2025/infcurion.html
441A,0.0,4.2,True,180.0,False,123.8,4.3,https://ipokabu.net/ipo/441A
442A,0.0,26.8,True,180.0,False,20.9,3.3,https://www.ipokiso.com/company/2025/classico.html
275A,0.0,14.8,True,180.0,False,6.0,1.1,https://www.ipokiso.com/company/2025/hanwa-ex.html
446A,0.0,79.5,True,180.0,False,772.8,221.7,https://ipokabu.net/ipo/446A
456A,0.0,34.2,True,180.0,False,669.0,190.4,https://www.ipokiso.com/company/2025/humanmade.html
460A,0.0,23.2,True,180.0,False,41.9,12.1,https://www.ipokiso.com/company/2025/branu.html
462A,3.06,97.5,False,180.0,False,131.7,15.8,https://www.ipokiso.com/company/2025/fundinno.html
469A,33.59,38.8,True,180.0,True,60.6,8.47,https://www.ipokiso.com/company/2025/fitcrew.html
5537,0.0,81.6,True,180.0,False,106.4,25.7,https://ipokabu.net/ipo/5537
471A,47.14,10.24,True,180.0,False,826.7,421.6,https://kabu.96ut.com/article/ipo/2025059/ ; https://www.ipokiso.com/company/2025/nsg.html
8303,0.0,15.68,True,180.0,False,12984.0,3701.0,https://kabu.96ut.com/article/ipo/2025060/
472A,39.14,12.1,False,180.0,False,145.0,72.4,https://kabu.96ut.com/article/ipo/2025061/
475A,42.95,10.19,True,180.0,False,56.4,28.6,https://kabu.96ut.com/article/ipo/2025062/
476A,4.03,97.1,True,180.0,True,35.3,11.9,https://kabu.96ut.com/article/ipo/2025063/ ; https://www.ipokiso.com/company/2025/ht-itc.html
485A,,,False,180.0,False,442.0,117.0,https://kabu.96ut.com/article/ipo/2025069/
477A,0.0,24.0,True,180.0,False,18.7,8.05,https://kabu.96ut.com/article/ipo/2025065/
483A,0.0,12.1,True,180.0,False,37.6,13.6,https://kabu.96ut.com/article/ipo/2025068/ ; https://www.ipokiso.com/company/2025/teratech.html
478A,14.1,94.5,False,180.0,True,102.0,39.7,https://kabu.96ut.com/article/ipo/2025064/
479A,56.72,30.5,False,90.0,True,76.6,34.8,https://kabu.96ut.com/article/ipo/2025067/
480A,0.0,25.7,True,180.0,False,64.0,18.9,https://kabu.96ut.com/article/ipo/2025066/ ; https://www.ipokiso.com/company/2025/libcon.html
8729,,-24.1,True,,,12425.0,,https://homai.co.jp/news/26359/ ; https://www.jiji.com/jc/article?k=2025092900088&g=eco ; https://www.ipokiso.com/column/partial-spinoff.html （注：パーシャルスピンオフによる直接上場のため公募・売出・ロックアップ・吸収金額は該当なし）
500A,0.0,8.0,True,180.0,,132.8,39.8,https://www.ipokiso.com/company/2026/tobooks.html
504A,25.41,,False,180.0,,538.4,135.4,https://www.ipokiso.com/company/2026/innovacell.html
505A,0.0,22.4,True,180.0,,240.7,69.4,https://www.ipokiso.com/company/2026/geekly.html
519A,23.91,24.9,True,180.0,True,58.2,21.3,https://www.ipokiso.com/company/2026/basicinc.html
520A,51.0,,False,180.0,True,164.0,34.3,https://www.ipokiso.com/company/2026/j-pharma.html
523A,5.65,6.8,True,360.0,,231.3,76.4,https://www.ipokiso.com/company/2026/seiwaholdings.html
542A,0.0,7.2,True,180.0,,76.7,25.8,https://www.ipokiso.com/company/2026/vitabrid.html
548A,0.0,2.08,True,180.0,,49.7,12.2,https://www.ipokiso.com/company/2026/system-exe.html ; https://kabu.96ut.com/article/ipo/2026011/
549A,80.98,7.7,True,90.0,False,60.2,17.3,https://kabu.96ut.com/article/ipo/2026010/
550A,7.44,5.6,True,180.0,False,16.9,5.39,https://kabu.96ut.com/article/ipo/2026012/
554A,13.92,19.5,True,180.0,False,30.5,5.02,https://kabu.96ut.com/article/ipo/2026013/
558A,53.47,75.0,True,180.0,True,100.2,35.8,https://www.ipokiso.com/company/2026/squeeze-inc.html
556A,0.0,62.0,True,180.0,False,78.2,20.9,https://kabu.96ut.com/article/ipo/2026014/
559A,51.0,-0.5,True,180.0,True,36.1,13.0,https://kabu.96ut.com/article/ipo/2026016/
581A,0.0,34.0,True,180.0,False,1864.0,951.0,https://www.nikkei.com/article/DGXZQOUC022SU0S6A600C2000000/
584A,3.01,66.1,True,180.0,False,53.6,13.3,https://kabu.96ut.com/article/ipo/2026018/
589A,0.0,23.0,True,180.0,False,54.1,17.4,https://kabu.96ut.com/article/ipo/2026019/
598A,0.0,36.3,True,180.0,False,50.2,14.2,https://kabu.96ut.com/article/ipo/2026020/
