code,name,listing_date,market,offer_price,first_price,lead_underwriter,absorption_oku
5871,SOLIZE（ソライズ）,2024-02-07,スタンダード,1470.0,2020.0,大和証券,
130A,Veritas In Silico（ベリタス・イン・シリコ）,2024-02-08,グロース,1000.0,2001.0,みずほ証券,
135A,VRAIN Solution,2024-02-22,グロース,2990.0,5190.0,SMBC日興証券,
137A,Cocolive（ココリブ）,2024-02-28,グロース,1780.0,3990.0,SMBC日興証券,
138A,光フードサービス,2024-02-28,グロース,2660.0,5850.0,東海東京証券,
141A,トライアルホールディングス,2024-03-21,グロース,1700.0,2215.0,大和証券,
5858,ＳＴＧ,2024-03-21,グロース,1920.0,3215.0,みずほ証券,
142A,ジンジブ,2024-03-22,グロース,1750.0,3980.0,SBI証券,
143A,イシン,2024-03-25,グロース,1080.0,2234.0,みずほ証券,
145A,L is B（エルイズビー）,2024-03-26,グロース,1188.0,1553.0,野村證券,
147A,ソラコム,2024-03-26,グロース,870.0,1563.0,みずほ証券,
148A,ハッチ・ワーク,2024-03-26,グロース,2160.0,2815.0,SMBC日興証券,
150A,ＪＳＨ,2024-03-26,グロース,456.0,893.0,SBI証券,
146A,コロンビア・ワークス,2024-03-27,スタンダード,3300.0,3745.0,野村證券,
149A,シンカ,2024-03-27,グロース,1320.0,1671.0,SMBC日興証券,
151A,ダイブ,2024-03-27,グロース,1820.0,3225.0,SBI証券,
153A,カウリス,2024-03-28,グロース,1530.0,2875.0,SBI証券,
155A,情報戦略テクノロジー,2024-03-28,グロース,460.0,1021.0,みずほ証券,
156A,マテリアルグループ,2024-03-29,グロース,1180.0,1085.0,野村證券,
157A,グリーンモンスター,2024-03-29,グロース,980.0,1700.0,みずほ証券,
160A,アズパートナーズ,2024-04-04,スタンダード,1920.0,2923.0,野村證券,
168A,イタミアート,2024-04-08,グロース,1600.0,2000.0,東海東京証券,
173A,ハンモック,2024-04-11,グロース,2060.0,2160.0,SMBC日興証券,
175A,Will Smart,2024-04-16,グロース,1656.0,1580.0,大和証券,
176A,レジル,2024-04-24,グロース,1200.0,1205.0,大和証券,
177A,コージンバイオ,2024-04-25,グロース,1900.0,2030.0,野村證券,
184A,学びエイド,2024-05-28,グロース,970.0,1282.0,SBI証券,
186A,アストロスケールホールディングス,2024-06-05,グロース,850.0,1281.0,三菱UFJモルガン・スタンレー証券,
189A,D&Mカンパニー,2024-06-11,グロース,1000.0,1308.0,大和証券,
190A,Chordia Therapeutics（コーディア セラピューティクス）,2024-06-14,グロース,153.0,255.0,SBI証券,
192A,インテグループ,2024-06-18,グロース,3960.0,5940.0,SMBC日興証券,
195A,ライスカレー,2024-06-19,グロース,1420.0,1560.0,みずほ証券,
194A,WOLVES HAND（ウルブズハンド）,2024-06-20,グロース,770.0,875.0,SMBC日興証券,
197A,タウンズ,2024-06-20,スタンダード,460.0,430.0,大和証券,
198A,PostPrime（ポストプライム）,2024-06-20,グロース,450.0,450.0,みずほ証券,
196A,MFS,2024-06-21,グロース,400.0,368.0,SMBC日興証券,
202A,豆蔵デジタルホールディングス,2024-06-27,グロース,1330.0,1348.0,SMBC日興証券,
205A,ロゴスホールディングス,2024-06-28,グロース,2290.0,2290.0,SMBC日興証券,
206A,PRISM BioLab,2024-07-02,グロース,450.0,489.0,SMBC日興証券,
211A,カドス・コーポレーション,2024-07-18,スタンダード,2900.0,3210.0,SMBC日興証券,
212A,フィットイージー,2024-07-23,スタンダード,990.0,1213.0,大和証券,
215A,タイミー,2024-07-26,グロース,1450.0,1850.0,大和証券,
218A,Liberaware（リベラウェア）,2024-07-29,グロース,310.0,454.0,SMBC日興証券,
219A,Heartseed（ハートシード）,2024-07-30,グロース,1160.0,1548.0,SMBC日興証券,
220A,Faber Company（ファベルカンパニー）,2024-07-31,スタンダード,1000.0,1190.0,SBI証券,
228A,オプロ,2024-08-21,グロース,1300.0,1673.0,SMBC日興証券,
231A,Cross Eホールディングス,2024-08-29,福証Qボード,1180.0,1085.0,JTG証券,
241A,ROXX（ロックス）,2024-09-25,グロース,2110.0,1941.0,みずほ証券,
242A,リプライオリティ,2024-09-25,福証Qボード,1520.0,1398.0,JTG証券,
244A,グロースエクスパートナーズ,2024-09-26,グロース,1530.0,1841.0,野村證券,
245A,INGS,2024-09-26,グロース,1940.0,2700.0,SMBC日興証券,
246A,アスア,2024-09-26,グロース・名証ネクスト,680.0,1004.0,東海東京証券,
248A,キッズスター,2024-09-26,グロース,2560.0,2210.0,岡三証券,
247A,Aiロボティクス,2024-09-27,グロース,1760.0,2514.0,SBI証券,
250A,シマダヤ,2024-10-01,スタンダード,1880.0,1760.0,大和証券,
259A,ケイ・ウノ,2024-10-08,名証ネクスト,2320.0,2134.0,岡三証券,
260A,オルツ,2024-10-11,グロース,540.0,570.0,大和証券,
261A,日水コン,2024-10-16,スタンダード,1430.0,1341.0,野村證券,
262A,インターメスティック,2024-10-18,プライム,1630.0,2038.0,SMBC日興証券,
264A,Schoo（スクー）,2024-10-22,グロース,690.0,761.0,野村證券,
9023,東京地下鉄（東京メトロ）,2024-10-23,プライム,1200.0,1630.0,野村證券,
268A,リガク・ホールディングス,2024-10-25,プライム,1260.0,1205.0,野村證券,
265A,Hmcomm（エイチエムコム）,2024-10-28,グロース,850.0,1128.0,SMBC日興証券,
269A,Sapeet（サピート）,2024-10-29,グロース,1500.0,2285.0,SMBC日興証券,
274A,ガーデン,2024-11-22,スタンダード,3200.0,3060.0,東海東京証券,
276A,ククレブ・アドバイザーズ,2024-11-28,グロース,950.0,1250.0,みずほ証券,
277A,グロービング,2024-11-29,グロース,4530.0,5600.0,三菱UFJモルガン・スタンレー証券,
278A,Terra Drone（テラドローン）,2024-11-29,グロース,2350.0,2162.0,SMBC日興証券,
280A,ＴＭＨ,2024-12-04,グロース,1500.0,2128.0,みずほ証券,
281A,インフォメティス,2024-12-09,グロース,1080.0,993.0,SBI証券,
286A,ユカリア,2024-12-12,グロース,1060.0,975.0,みずほ証券,
288A,ラクサス・テクノロジーズ,2024-12-13,スタンダード,281.0,426.0,SMBC日興証券,
287A,黒田グループ,2024-12-17,スタンダード,700.0,885.0,SMBC日興証券,
291A,リスキル,2024-12-17,グロース,3730.0,4840.0,SBI証券,
285A,キオクシアホールディングス,2024-12-18,プライム,1455.0,1440.0,三菱UFJモルガン・スタンレー証券,
290A,Synspective（シンスペクティブ）,2024-12-19,グロース,480.0,736.0,野村證券,
299A,dely（デリー）,2024-12-19,グロース,1200.0,1001.0,三菱UFJモルガン・スタンレー証券,
296A,令和アカウンティング・ホールディングス,2024-12-23,グロース,360.0,521.0,大和証券,
5241,日本オーエー研究所,2024-12-23,名証ネクスト,550.0,600.0,JTG証券,
297A,アルピコホールディングス,2024-12-25,スタンダード,191.0,201.0,みずほ証券,
300A,MIC（ミック）,2024-12-25,スタンダード,960.0,960.0,野村證券,
298A,GVA TECH（ジーヴァテック）,2024-12-26,グロース,690.0,700.0,みずほ証券,
303A,visumo（ビジュモ）,2024-12-26,グロース,770.0,1036.0,大和証券,
304A,フォルシア,2024-12-26,グロース,1750.0,3640.0,野村證券,
302A,ビースタイルホールディングス,2024-12-27,グロース,2070.0,3325.0,SMBC日興証券,
7118,伸和ホールディングス,2024-10-21,札証アンビシャス,1650.0,1530.0,アイザワ証券,
319A,技術承継機構,2025-02-05,東証グロース,2000.0,2700.0,SBI証券,
7790,バルコス,2025-02-03,名証ネクスト,1400.0,1401.0,フィリップ証券,
323A,フライヤー,2025-02-20,東証グロース,680.0,1178.0,みずほ証券,
324A,ブッキングリゾート,2025-02-21,東証グロース,1240.0,1550.0,SMBC日興証券,
325A,TENTIAL,2025-02-28,東証グロース,2000.0,2600.0,野村證券,
330A,TalentX,2025-03-18,東証グロース,750.0,1026.0,みずほ証券,
331A,メディックス,2025-03-19,東証スタンダード,800.0,760.0,みずほ証券,
5016,JX金属,2025-03-19,東証プライム,820.0,843.0,大和証券,
332A,ミーク,2025-03-21,東証グロース,800.0,845.0,SMBC日興証券,
9388,パパネッツ,2025-03-21,福証Qボード,700.0,830.0,フィリップ証券,
335A,ミライロ,2025-03-24,東証グロース,270.0,661.0,SMBC日興証券,
334A,ビジュアル・プロセッシング・ジャパン,2025-03-25,東証グロース,1430.0,3040.0,岡三証券,
338A,ZenmuTech,2025-03-27,東証グロース,1580.0,5000.0,岡三証券,
336A,ダイナミックマッププラットフォーム,2025-03-27,東証グロース,1200.0,1530.0,SMBC日興証券,
339A,プログレス・テクノロジーズグループ,2025-03-28,東証グロース,1950.0,1980.0,野村證券,
341A,トヨコー,2025-03-28,東証グロース,730.0,871.0,SMBC日興証券,
340A,ジグザグ,2025-03-31,東証グロース,1500.0,2030.0,大和証券,
343A,IACEトラベル,2025-04-07,東証スタンダード,1000.0,864.0,東海東京証券,
350A,デジタルグリッド,2025-04-22,東証グロース,4520.0,5310.0,大和証券,
352A,LIFE CREATE,2025-04-24,東証グロース,1250.0,1280.0,大和証券,
353A,エレベーターコミュニケーションズ,2025-04-25,札証アンビシャス,1700.0,2200.0,東洋証券,
365A,伊澤タオル,2025-06-20,東証スタンダード,750.0,765.0,三菱UFJモルガン・スタンレー証券,
366A,ウェルネス・コミュニケーションズ,2025-06-23,東証グロース,2480.0,3300.0,野村證券,
367A,プリモグローバルホールディングス,2025-06-24,東証スタンダード,2150.0,2013.0,みずほ証券,
368A,北里コーポレーション,2025-06-25,東証プライム,1340.0,2001.0,野村證券,
369A,エータイ,2025-06-26,東証グロース,1510.0,2547.0,大和証券,
372A,レント,2025-06-30,東証スタンダード,4330.0,5730.0,みずほ証券,
373A,リップス,2025-06-30,東証グロース,3130.0,3200.0,野村證券,
378A,ヒット,2025-07-04,東証グロース,1500.0,2166.0,SBI証券,
386A,みのや,2025-07-18,東証スタンダード,1540.0,2531.0,みずほ証券,
387A,フラー,2025-07-24,東証グロース,1170.0,5200.0,SBI証券,
391A,山忠,2025-07-29,名証メイン,2600.0,2600.0,アイザワ証券,
402A,アクセルスペースホールディングス,2025-08-13,東証グロース,375.0,751.0,SMBC日興証券,
409A,オリオンビール,2025-09-25,東証プライム,850.0,1863.0,野村證券,
410A,GMOコマース,2025-09-25,東証グロース,1180.0,2131.0,大和証券,
407A,UNICONホールディングス,2025-09-26,東証スタンダード,1060.0,1385.0,野村證券,
414A,オーバーラップホールディングス,2025-10-03,東証グロース,1650.0,1533.0,みずほ証券,
421A,ムービン・ストラテジック・キャリア,2025-10-06,東証グロース,2080.0,2502.0,大和証券,
418A,ウリドキ,2025-10-07,名証ネクスト,1200.0,1290.0,JTG証券,
428A,サイプレスホールディングス,2025-10-08,東証スタンダード,710.0,675.0,大和証券,
423A,ライオン事務器,2025-10-15,東証スタンダード,213.0,374.0,みずほ証券,
429A,テクセンドフォトマスク,2025-10-16,東証プライム,3000.0,3570.0,SMBC日興証券,
431A,ユーソナー,2025-10-17,東証グロース,2000.0,2350.0,野村證券,
436A,サイバーソリューションズ,2025-10-23,東証グロース,1380.0,1914.0,大和証券,
438A,インフキュリオン,2025-10-24,東証グロース,1680.0,1560.0,SBI証券,
441A,NE,2025-11-04,東証グロース,750.0,750.0,みずほ証券,
442A,クラシコ,2025-11-05,東証グロース,1390.0,3270.0,大和証券,
275A,ハンワホームズ,2025-11-17,名証ネクスト,270.0,298.0,フィリップ証券,
446A,ノースサンド,2025-11-21,東証グロース,1120.0,1200.0,大和証券,
456A,HUMAN MADE,2025-11-27,東証グロース,3130.0,3440.0,野村證券,
460A,BRANU,2025-12-01,東証グロース,980.0,1655.0,みずほ証券,
462A,FUNDINNO,2025-12-05,東証グロース,620.0,883.0,野村證券,
469A,フィットクルー,2025-12-12,東証グロース,2200.0,3000.0,みずほ証券,
5537,AlbaLink,2025-12-15,東証グロース,1300.0,1850.0,野村證券,
471A,NSグループ,2025-12-16,東証プライム,1480.0,1406.0,SMBC日興証券,
8303,SBI新生銀行,2025-12-17,東証プライム,1450.0,1586.0,野村證券,
472A,ミラティブ,2025-12-18,東証グロース,860.0,751.0,三菱UFJモルガン・スタンレー証券,
475A,ギミック,2025-12-19,東証スタンダード,1150.0,1090.0,野村證券,
476A,辻・本郷ITコンサルティング,2025-12-19,東証スタンダード,1850.0,2980.0,SBI証券,
485A,パワーエックス,2025-12-19,東証グロース,1220.0,1130.0,SMBC日興証券・三菱UFJモルガン・スタンレー証券,115.8
477A,スタートライン,2025-12-22,東証グロース,480.0,935.0,みずほ証券,
483A,テラテクノロジー,2025-12-23,東証スタンダード,2090.0,2904.0,SBI証券,13.7
478A,フツパー,2025-12-24,東証グロース,1020.0,1344.0,SMBC日興証券,
479A,PRONI,2025-12-24,東証グロース,1750.0,1875.0,大和証券,
480A,リブ・コンサルティング,2025-12-25,東証グロース,1000.0,1400.0,SMBC日興証券,18.9
500A,TOブックス,2026-02-13,東証スタンダード,3910.0,3595.0,SMBC日興証券,40.8
504A,イノバセル,2026-02-24,東証グロース,1350.0,1248.0,野村證券,141.0
505A,ギークリー,2026-02-27,東証スタンダード,1900.0,1757.0,野村證券,70.1
519A,ベーシック,2026-03-25,東証グロース,870.0,800.0,岡三証券,18.8
520A,ジェイファーマ,2026-03-25,東証グロース,880.0,809.0,SBI証券,32.7
523A,セイワホールディングス,2026-03-27,東証グロース,1250.0,1220.0,SBI証券,77.6
542A,ビタブリッドジャパン,2026-04-02,東証グロース,1370.0,1301.0,SBI証券,25.8
548A,システムエグゼ,2026-04-06,東証スタンダード,950.0,1061.0,みずほ証券,12.1
549A,ヒトトヒトホールディングス,2026-04-07,東証スタンダード,430.0,422.0,野村證券,17.3
550A,ソフトテックス,2026-04-09,東証スタンダード,1940.0,3200.0,岡三証券,5.39
554A,バトンズ,2026-04-21,東証グロース,660.0,1674.0,大和証券,5.02
558A,SQUEEZE,2026-04-22,東証グロース,3110.0,3250.0,SBI証券,35.7
556A,犬猫生活,2026-04-23,東証グロース,2990.0,3500.0,SBI証券,20.9
559A,梅乃宿酒造,2026-04-24,東証スタンダード,600.0,900.0,SMBC日興証券,13.0
581A,GO,2026-06-16,東証グロース,2400.0,2910.0,野村證券,971.0
584A,LiNKX,2026-06-23,東証グロース,790.0,1075.0,野村證券,13.3
589A,ネイス,2026-06-30,東証グロース,1320.0,1476.0,岡三証券,17.4
598A,チャットプラス,2026-07-15,東証グロース,1080.0,,丸三証券,14.2
607A,エブリー,2026-08-04,グロース,230.0,294.0,SMBC日興証券,15.6
603A,アイ・グリッド・ソリューションズ,2026-07-29,グロース,770.0,703.0,野村證券,95.1
604A,ビーエイブル,2026-07-29,スタンダード,700.0,1022.0,みずほ証券,26.3
593A,ティアフォー,2026-07-22,グロース,1085.0,1009.0,SMBC日興証券・三菱UFJモルガン・スタンレー証券,267.0
590A,ギフティグループ（株） *,2026-07-01,プライム,,995.0,,
575A,前澤ホールディングス（株） *,2026-06-01,プライム,,1721.0,,
543A,ARCHION（株） *,2026-04-01,プライム,,387.0,,
544A,GMSグループ（株） *,2026-04-01,プライム,,417.0,,
545A,トランヴィア *,2026-04-01,プライム,,988.0,,
546A,MIRAINIホールディングス（株） *,2026-04-01,プライム,,1825.0,,
547A,ムニノバホールディングス（株） *,2026-04-01,プライム,,453.0,,
634A,レイヤード,2026-09-25,スタンダード,1400.0,2230.0,SBI証券,13.6
622A,テクノクラフト,2026-09-18,スタンダード,650.0,620.0,SMBC日興証券,14.4
623A,ベルテックス,2026-09-18,スタンダード,550.0,607.0,東海東京証券,23.7
627A,akippa（株）,2026-09-18,スタンダード,570.0,1244.0,SBI証券,14.4
625A,Skyfall,2026-09-17,グロース,1500.0,1760.0,SBI証券,39.7
619A,オリバー,2026-09-16,スタンダード,305.0,302.0,野村證券・大和証券,259.0
621A,オーディオストック,2026-09-16,グロース,1060.0,1554.0,SBI証券,13.5
618A,KOMPEITO,2026-09-11,グロース,1600.0,1480.0,SBI証券,77.0
