Date,Open,High,Low,Close,Volume,split_factor
2024-03-27,1872.5,2015.0,1775.0,1862.5,4767000,1.0
2024-03-28,1847.5,2085.0,1757.5,1862.5,3921800,1.0
2024-03-29,1965.0,2205.0,1915.0,2080.0,2404200,1.0
2024-04-01,2282.5,2492.5,2282.5,2415.0,1668800,1.0
2024-04-02,2445.0,2490.0,2175.0,2200.0,2045000,1.0
2024-04-03,2197.5,2365.0,2017.5,2137.5,1404200,1.0
2024-04-04,2200.0,2225.0,1977.5,2010.0,614400,1.0
2024-04-05,1905.0,2025.0,1820.0,1997.5,771400,1.0
2024-04-08,2032.5,2125.0,1862.5,2050.0,514000,1.0
2024-04-09,2100.0,2190.0,1980.0,2100.0,459800,1.0
2024-04-10,2100.0,2180.0,2055.0,2097.5,244200,1.0
2024-04-11,2052.5,2125.0,1992.5,2000.0,253200,1.0
2024-04-12,2020.0,2097.5,1917.5,2020.0,313400,1.0
2024-04-15,1990.0,2025.0,1905.0,1925.0,214600,1.0
2024-04-16,1890.0,1900.0,1772.5,1845.0,332400,1.0
2024-04-17,1875.0,1937.5,1815.0,1832.5,178400,1.0
2024-04-18,1850.0,1910.0,1800.0,1902.5,131600,1.0
2024-04-19,1885.0,1895.0,1725.0,1802.5,403200,1.0
2024-04-22,1822.5,1832.5,1725.0,1737.5,257800,1.0
2024-04-23,1750.0,1820.0,1727.5,1792.5,287600,1.0
2024-04-24,1827.5,1972.5,1817.5,1927.5,388000,1.0
2024-04-25,1892.5,1952.5,1807.5,1822.5,238600,1.0
2024-04-26,1850.0,1912.5,1782.5,1897.5,242000,1.0
2024-04-30,1957.5,1990.0,1907.5,1930.0,205400,1.0
2024-05-01,1895.0,1927.5,1850.0,1887.5,134200,1.0
2024-05-02,1890.0,1900.0,1832.5,1860.0,73600,1.0
2024-05-07,1905.0,1905.0,1805.0,1820.0,137800,1.0
2024-05-08,1802.5,1855.0,1782.5,1787.5,125600,1.0
2024-05-09,1800.0,1822.5,1700.0,1745.0,220600,1.0
2024-05-10,1762.5,1800.0,1742.5,1785.0,101000,1.0
2024-05-13,1817.5,1877.5,1795.0,1857.5,259600,1.0
2024-05-14,1762.5,1902.5,1757.5,1865.0,507400,1.0
2024-05-15,1875.0,1875.0,1782.5,1792.5,131600,1.0
2024-05-16,1792.5,1845.0,1742.5,1760.0,123200,1.0
2024-05-17,1745.0,1910.0,1745.0,1910.0,178200,1.0
2024-05-20,1930.0,2085.0,1915.0,2085.0,279200,1.0
2024-05-21,2090.0,2160.0,2052.5,2085.0,221400,1.0
2024-05-22,2085.0,2175.0,2027.5,2032.5,196800,1.0
2024-05-23,2060.0,2087.5,2027.5,2050.0,63000,1.0
2024-05-24,1980.0,2025.0,1927.5,1927.5,114800,1.0
2024-05-27,1950.0,2015.0,1945.0,2012.5,53800,1.0
2024-05-28,2017.5,2037.5,1917.5,1940.0,66000,1.0
2024-05-29,1915.0,1932.5,1855.0,1885.0,110400,1.0
2024-05-30,1827.5,1900.0,1825.0,1860.0,67800,1.0
2024-05-31,1865.0,1917.5,1865.0,1890.0,38000,1.0
2024-06-03,1890.0,1950.0,1855.0,1945.0,51800,1.0
2024-06-04,1935.0,1975.0,1925.0,1942.5,43200,1.0
2024-06-05,1942.5,2017.5,1902.5,1947.5,55400,1.0
2024-06-06,1962.5,2035.0,1950.0,2005.0,50000,1.0
2024-06-07,2025.0,2060.0,2000.0,2060.0,46000,1.0
2024-06-10,2060.0,2070.0,2000.0,2017.5,33000,1.0
2024-06-11,2035.0,2050.0,1997.5,2030.0,37600,1.0
2024-06-12,2017.5,2162.5,2017.5,2100.0,113200,1.0
2024-06-13,2100.0,2100.0,2012.5,2030.0,42800,1.0
2024-06-14,2065.0,2195.0,2065.0,2182.5,124600,1.0
2024-06-17,2222.5,2222.5,2015.0,2015.0,116400,1.0
2024-06-18,2025.0,2075.0,1975.0,2022.5,85600,1.0
2024-06-19,2022.5,2147.5,2022.5,2115.0,63600,1.0
2024-06-20,2115.0,2200.0,2070.0,2095.0,58600,1.0
2024-06-21,2100.0,2175.0,2082.5,2092.5,83600,1.0
2024-06-24,2067.5,2150.0,2042.5,2045.0,48600,1.0
2024-06-25,2052.5,2117.5,2035.0,2092.5,34800,1.0
2024-06-26,2095.0,2130.0,2067.5,2072.5,29600,1.0
2024-06-27,2072.5,2142.5,2020.0,2050.0,87000,1.0
2024-06-28,2040.0,2045.0,1935.0,1955.0,126800,1.0
2024-07-01,1980.0,1990.0,1935.0,1955.0,39400,1.0
2024-07-02,1972.5,1972.5,1902.5,1902.5,45800,1.0
2024-07-03,1935.0,1955.0,1910.0,1920.0,39800,1.0
2024-07-04,1925.0,1997.5,1900.0,1940.0,84400,1.0
2024-07-05,1995.0,2010.0,1957.5,1960.0,38000,1.0
2024-07-08,1945.0,1947.5,1900.0,1900.0,53800,1.0
2024-07-09,1925.0,1962.5,1852.5,1852.5,59000,1.0
2024-07-10,1887.5,1887.5,1825.0,1855.0,75600,1.0
2024-07-11,1870.0,1875.0,1832.5,1875.0,36400,1.0
2024-07-12,1862.5,1932.5,1840.0,1892.5,82400,1.0
2024-07-16,1927.5,1957.5,1902.5,1905.0,24200,1.0
2024-07-17,1930.0,1980.0,1885.0,1960.0,105800,1.0
2024-07-18,1925.0,1950.0,1865.0,1870.0,94800,1.0
2024-07-19,1882.5,1882.5,1837.5,1845.0,50800,1.0
2024-07-22,1840.0,1842.5,1790.0,1790.0,91800,1.0
2024-07-23,1797.5,1822.5,1757.5,1772.5,64600,1.0
2024-07-24,1772.5,1795.0,1725.0,1745.0,65000,1.0
2024-07-25,1717.5,1750.0,1655.0,1665.0,149600,1.0
2024-07-26,1692.5,1700.0,1635.0,1650.0,119000,1.0
2024-07-29,1685.0,1715.0,1657.5,1677.5,68800,1.0
2024-07-30,1695.0,1695.0,1640.0,1660.0,61800,1.0
2024-07-31,1660.0,1672.5,1612.5,1665.0,96000,1.0
2024-08-01,1690.0,1690.0,1590.0,1600.0,166400,1.0
2024-08-02,1495.0,1515.0,1400.5,1403.0,199200,1.0
2024-08-05,1278.0,1285.5,1153.0,1153.0,257800,1.0
2024-08-06,1221.0,1325.0,1204.0,1264.5,86600,1.0
2024-08-07,1239.5,1396.0,1239.5,1373.0,81000,1.0
2024-08-08,1338.0,1388.0,1313.5,1350.0,41800,1.0
2024-08-09,1405.0,1419.5,1339.5,1371.0,59000,1.0
2024-08-13,1449.5,1537.5,1436.0,1484.0,112600,1.0
2024-08-14,1459.0,1610.0,1459.0,1577.5,70800,1.0
2024-08-15,1625.0,1625.0,1550.0,1550.0,31600,1.0
2024-08-16,1602.5,1605.0,1547.5,1580.0,26400,1.0
2024-08-19,1600.0,1717.5,1600.0,1650.0,81400,1.0
2024-08-20,1655.0,1692.5,1635.0,1647.5,13200,1.0
2024-08-21,1652.5,1652.5,1577.5,1607.5,16000,1.0
2024-08-22,1632.5,1710.0,1620.0,1665.0,38200,1.0
2024-08-23,1700.0,1700.0,1580.0,1627.5,29800,1.0
2024-08-26,1605.0,1635.0,1605.0,1620.0,6600,1.0
2024-08-27,1645.0,1800.0,1640.0,1722.5,103000,1.0
2024-08-28,1755.0,1757.5,1677.5,1682.5,13600,1.0
2024-08-29,1667.5,1722.5,1667.5,1680.0,7600,1.0
2024-08-30,1715.0,1715.0,1662.5,1682.5,20400,1.0
2024-09-02,1697.5,1697.5,1640.0,1667.5,26000,1.0
2024-09-03,1680.0,1690.0,1652.5,1687.5,13600,1.0
2024-09-04,1620.0,1630.0,1565.0,1597.5,65000,1.0
2024-09-05,1570.0,1630.0,1567.5,1615.0,20400,1.0
2024-09-06,1602.5,1615.0,1525.0,1552.5,26800,1.0
2024-09-09,1487.5,1590.0,1485.0,1590.0,38800,1.0
2024-09-10,1600.0,1647.5,1562.5,1580.0,18000,1.0
2024-09-11,1565.0,1597.5,1500.0,1547.5,26400,1.0
2024-09-12,1565.0,1615.0,1565.0,1610.0,15200,1.0
2024-09-13,1600.0,1672.5,1600.0,1672.5,26800,1.0
2024-09-17,1697.5,1702.5,1647.5,1687.5,25400,1.0
2024-09-18,1710.0,1772.5,1672.5,1677.5,43800,1.0
2024-09-19,1700.0,1750.0,1700.0,1745.0,21000,1.0
2024-09-20,1792.5,1850.0,1777.5,1780.0,79000,1.0
2024-09-24,1815.0,1817.5,1767.5,1775.0,25200,1.0
2024-09-25,1775.0,1775.0,1715.0,1755.0,17400,1.0
2024-09-26,1790.0,1790.0,1732.5,1752.5,21400,1.0
2024-09-27,1737.5,1915.0,1737.5,1915.0,73200,1.0
2024-09-30,1850.0,1882.5,1792.5,1792.5,71400,1.0
2024-10-01,1805.0,1892.5,1805.0,1855.0,32400,1.0
2024-10-02,1802.5,1832.5,1755.0,1762.5,35200,1.0
2024-10-03,1782.5,1877.5,1775.0,1850.0,62000,1.0
2024-10-04,1862.5,1865.0,1770.0,1790.0,105400,1.0
2024-10-07,1790.0,1822.5,1740.0,1755.0,51800,1.0
2024-10-08,1752.5,1787.5,1725.0,1757.5,27600,1.0
2024-10-09,1752.5,1777.5,1700.0,1737.5,33400,1.0
2024-10-10,1745.0,1770.0,1727.5,1757.5,16400,1.0
2024-10-11,1747.5,1747.5,1712.5,1712.5,15600,1.0
2024-10-15,1725.0,1770.0,1710.0,1737.5,27400,1.0
2024-10-16,1725.0,1780.0,1725.0,1775.0,17400,1.0
2024-10-17,1760.0,1787.5,1710.0,1710.0,29600,1.0
2024-10-18,1705.0,1735.0,1652.5,1685.0,40400,1.0
2024-10-21,1720.0,1730.0,1695.0,1727.5,7200,1.0
2024-10-22,1692.5,1717.5,1662.5,1670.0,22800,1.0
2024-10-23,1655.0,1685.0,1625.0,1625.0,20800,1.0
2024-10-24,1600.0,1642.5,1577.5,1597.5,18600,1.0
2024-10-25,1592.5,1615.0,1570.0,1602.5,15800,1.0
2024-10-28,1570.0,1675.0,1570.0,1642.5,20600,1.0
2024-10-29,1675.0,1685.0,1655.0,1680.0,12200,1.0
2024-10-30,1695.0,1752.5,1695.0,1727.5,37800,1.0
2024-10-31,1730.0,1765.0,1715.0,1755.0,29400,1.0
2024-11-01,1725.0,1815.0,1725.0,1757.5,39400,1.0
2024-11-05,1760.0,1820.0,1747.5,1777.5,16800,1.0
2024-11-06,1785.0,1810.0,1757.5,1775.0,17400,1.0
2024-11-07,1800.0,1827.5,1760.0,1787.5,18400,1.0
2024-11-08,1790.0,1890.0,1790.0,1850.0,35800,1.0
2024-11-11,1842.5,1842.5,1785.0,1815.0,47400,1.0
2024-11-12,1820.0,2105.0,1820.0,1910.0,351600,1.0
2024-11-13,1900.0,1975.0,1867.5,1955.0,134000,1.0
2024-11-14,1972.5,1972.5,1887.5,1890.0,82200,1.0
2024-11-15,1885.0,1907.5,1800.0,1827.5,114000,1.0
2024-11-18,1787.5,1795.0,1717.5,1750.0,133400,1.0
2024-11-19,1742.5,1815.0,1720.0,1810.0,90600,1.0
2024-11-20,1800.0,1825.0,1757.5,1770.0,64400,1.0
2024-11-21,1755.0,1800.0,1747.5,1792.5,30200,1.0
2024-11-22,1767.5,1800.0,1730.0,1740.0,101000,1.0
2024-11-25,1772.5,1882.5,1770.0,1837.5,82400,1.0
2024-11-26,1837.5,1850.0,1795.0,1822.5,17800,1.0
2024-11-27,1822.5,1822.5,1785.0,1802.5,10200,1.0
2024-11-28,1802.5,1870.0,1802.5,1850.0,29000,1.0
2024-11-29,1867.5,1880.0,1822.5,1822.5,20200,1.0
2024-12-02,1822.5,1852.5,1797.5,1820.0,28400,1.0
2024-12-03,1795.0,1840.0,1795.0,1820.0,45800,1.0
2024-12-04,1817.5,1845.0,1797.5,1807.5,16400,1.0
2024-12-05,1820.0,1862.5,1807.5,1840.0,20800,1.0
2024-12-06,1855.0,1925.0,1822.5,1897.5,52200,1.0
2024-12-09,1902.5,1905.0,1847.5,1847.5,20400,1.0
2024-12-10,1847.5,1937.5,1847.5,1922.5,48400,1.0
2024-12-11,1942.5,1957.5,1900.0,1925.0,34200,1.0
2024-12-12,1927.5,1937.5,1880.0,1892.5,24400,1.0
2024-12-13,1895.0,1967.5,1877.5,1940.0,32600,1.0
2024-12-16,1957.5,1970.0,1925.0,1925.0,29200,1.0
2024-12-17,1960.0,1972.5,1925.0,1940.0,21400,1.0
2024-12-18,1905.0,1965.0,1905.0,1922.5,37000,1.0
2024-12-19,1890.0,1922.5,1877.5,1880.0,24400,1.0
2024-12-20,1910.0,1910.0,1832.5,1837.5,21000,1.0
2024-12-23,1850.0,1947.5,1850.0,1930.0,23600,1.0
2024-12-24,1945.0,1945.0,1892.5,1897.5,17200,1.0
2024-12-25,1927.5,1927.5,1875.0,1892.5,16000,1.0
2024-12-26,1892.5,1922.5,1852.5,1920.0,33400,1.0
2024-12-27,1892.5,1895.0,1857.5,1860.0,28600,1.0
2024-12-30,1885.0,1917.5,1860.0,1910.0,30000,1.0
2025-01-06,1920.0,1920.0,1852.5,1860.0,45000,1.0
2025-01-07,1885.0,1885.0,1827.5,1842.5,35400,1.0
2025-01-08,1835.0,1857.5,1802.5,1820.0,28000,1.0
2025-01-09,1802.5,1827.5,1780.0,1825.0,42200,1.0
2025-01-10,1805.0,1840.0,1805.0,1815.0,10400,1.0
2025-01-14,1802.5,1825.0,1790.0,1795.0,15000,1.0
2025-01-15,1795.0,1800.0,1730.0,1750.0,50600,1.0
2025-01-16,1750.0,1765.0,1720.0,1740.0,63000,1.0
2025-01-17,1725.0,1770.0,1700.0,1770.0,39400,1.0
2025-01-20,1770.0,1802.5,1755.0,1802.5,20000,1.0
2025-01-21,1800.0,1807.5,1752.5,1785.0,18200,1.0
2025-01-22,1800.0,1870.0,1800.0,1805.0,40800,1.0
2025-01-23,1810.0,1810.0,1765.0,1772.5,16200,1.0
2025-01-24,1762.5,1812.5,1762.5,1782.5,12200,1.0
2025-01-27,1800.0,1805.0,1755.0,1782.5,49400,1.0
2025-01-28,1782.5,1832.5,1760.0,1832.5,73600,1.0
2025-01-29,1845.0,1880.0,1845.0,1860.0,29600,1.0
2025-01-30,1860.0,1867.5,1817.5,1817.5,25800,1.0
2025-01-31,1817.5,1845.0,1800.0,1840.0,9000,1.0
2025-02-03,1812.5,1832.5,1790.0,1807.5,19600,1.0
2025-02-04,1815.0,1845.0,1812.5,1812.5,10200,1.0
2025-02-05,1815.0,1835.0,1815.0,1835.0,5600,1.0
2025-02-06,1837.5,1867.5,1830.0,1865.0,21800,1.0
2025-02-07,1865.0,1890.0,1845.0,1860.0,17800,1.0
2025-02-10,1865.0,1895.0,1860.0,1895.0,22400,1.0
2025-02-12,1925.0,1957.5,1900.0,1957.5,71000,1.0
2025-02-13,1977.5,2015.0,1965.0,1985.0,138800,1.0
2025-02-14,2195.0,2195.0,2070.0,2162.5,321600,1.0
2025-02-17,2195.0,2207.5,2142.5,2180.0,115800,1.0
2025-02-18,2165.0,2165.0,2107.5,2130.0,53400,1.0
2025-02-19,2130.0,2152.5,2092.5,2102.5,31800,1.0
2025-02-20,2075.0,2092.5,2032.5,2087.5,40800,1.0
2025-02-21,2070.0,2097.5,2040.0,2057.5,70800,1.0
2025-02-25,2015.0,2070.0,2002.5,2032.5,33800,1.0
2025-02-26,2010.0,2060.0,1997.5,2042.5,36200,1.0
2025-02-27,2035.0,2055.0,2010.0,2015.0,16600,1.0
2025-02-28,2000.0,2017.5,1987.5,2017.5,29000,1.0
2025-03-03,2052.5,2052.5,1972.5,1975.0,138800,1.0
2025-03-04,1975.0,2017.5,1960.0,1987.5,38600,1.0
2025-03-05,1987.5,2037.5,1972.5,1990.0,28800,1.0
2025-03-06,2025.0,2055.0,1990.0,2052.5,41200,1.0
2025-03-07,2025.0,2025.0,1967.5,1967.5,52400,1.0
2025-03-10,1987.5,1987.5,1927.5,1927.5,69800,1.0
2025-03-11,1892.5,1897.5,1807.5,1895.0,124000,1.0
2025-03-12,1885.0,1895.0,1870.0,1882.5,16800,1.0
2025-03-13,1900.0,1930.0,1895.0,1895.0,26600,1.0
2025-03-14,1880.0,1932.5,1850.0,1907.5,35400,1.0
2025-03-17,1917.5,1937.5,1900.0,1932.5,42400,1.0
2025-03-18,1940.0,1945.0,1910.0,1945.0,41400,1.0
2025-03-19,1957.5,2007.5,1957.5,1965.0,64400,1.0
2025-03-21,1967.5,1967.5,1945.0,1955.0,42000,1.0
2025-03-24,1985.0,2000.0,1957.5,1995.0,41800,1.0
2025-03-25,2000.0,2010.0,1992.5,2002.5,17000,1.0
2025-03-26,2010.0,2060.0,2002.5,2060.0,44600,1.0
2025-03-27,2050.0,2112.5,2037.5,2047.5,44800,1.0
2025-03-28,2075.0,2082.5,2022.5,2032.5,13600,1.0
2025-03-31,1997.5,2052.5,1975.0,2037.5,32200,1.0
2025-04-01,2072.5,2092.5,2010.0,2035.0,21600,1.0
2025-04-02,2070.0,2070.0,1997.5,1997.5,15000,1.0
2025-04-03,1915.0,1980.0,1915.0,1967.5,55400,1.0
2025-04-04,1907.5,1945.0,1800.0,1845.0,135600,1.0
2025-04-07,1660.0,1725.0,1617.5,1645.0,115800,1.0
2025-04-08,1715.0,1835.0,1715.0,1807.5,76000,1.0
2025-04-09,1800.0,1800.0,1712.5,1752.5,46200,1.0
2025-04-10,1890.0,1907.5,1827.5,1892.5,59400,1.0
2025-04-11,1822.5,1887.5,1822.5,1882.5,15000,1.0
2025-04-14,1917.5,1942.5,1890.0,1897.5,31600,1.0
2025-04-15,1907.5,1940.0,1902.5,1905.0,17000,1.0
2025-04-16,1912.5,1912.5,1860.0,1865.0,41600,1.0
2025-04-17,1892.5,1907.5,1862.5,1907.5,22000,1.0
2025-04-18,1907.5,1965.0,1907.5,1965.0,36600,1.0
2025-04-21,1950.0,1992.5,1950.0,1952.5,22400,1.0
2025-04-22,1952.5,1975.0,1927.5,1930.0,19800,1.0
2025-04-23,1952.5,1977.5,1940.0,1965.0,19200,1.0
2025-04-24,1965.0,1972.5,1930.0,1947.5,13600,1.0
2025-04-25,1957.5,1975.0,1945.0,1952.5,13000,1.0
2025-04-28,1960.0,2037.5,1960.0,2010.0,21000,1.0
2025-04-30,2000.0,2022.5,1970.0,1975.0,33000,1.0
2025-05-01,1975.0,2000.0,1965.0,1965.0,31800,1.0
2025-05-02,1960.0,1980.0,1932.5,1975.0,43400,1.0
2025-05-07,1960.0,1995.0,1937.5,1995.0,30000,1.0
2025-05-08,1965.0,2040.0,1965.0,2027.5,58000,1.0
2025-05-09,2005.0,2060.0,2005.0,2045.0,19400,1.0
2025-05-12,2045.0,2105.0,2045.0,2092.5,30600,1.0
2025-05-13,2085.0,2090.0,2027.5,2050.0,29600,1.0
2025-05-14,2045.0,2060.0,2010.0,2050.0,86200,1.0
2025-05-15,1980.0,2087.5,1980.0,2015.0,66600,1.0
2025-05-16,2017.5,2240.0,2017.5,2235.0,115000,1.0
2025-05-19,2270.0,2307.5,2192.5,2197.5,87600,1.0
2025-05-20,2222.5,2305.0,2210.0,2240.0,87600,1.0
2025-05-21,2275.0,2367.5,2237.5,2300.0,111400,1.0
2025-05-22,2265.0,2265.0,2175.0,2210.0,56200,1.0
2025-05-23,2225.0,2277.5,2215.0,2255.0,46600,1.0
2025-05-26,2235.0,2300.0,2235.0,2252.5,28600,1.0
2025-05-27,2262.5,2307.5,2260.0,2295.0,18800,1.0
2025-05-28,2302.5,2315.0,2275.0,2285.0,37800,1.0
2025-05-29,2315.0,2325.0,2282.5,2325.0,29000,1.0
2025-05-30,2290.0,2355.0,2272.5,2272.5,25800,1.0
2025-06-02,2292.5,2337.5,2287.5,2335.0,28800,1.0
2025-06-03,2360.0,2372.5,2310.0,2315.0,25800,1.0
2025-06-04,2350.0,2382.5,2327.5,2335.0,28400,1.0
2025-06-05,2325.0,2332.5,2282.5,2290.0,19400,1.0
2025-06-06,2312.5,2377.5,2310.0,2317.5,30200,1.0
2025-06-09,2330.0,2357.5,2310.0,2310.0,23000,1.0
2025-06-10,2310.0,2372.5,2305.0,2365.0,24800,1.0
2025-06-11,2377.5,2465.0,2375.0,2390.0,56200,1.0
2025-06-12,2390.0,2457.5,2380.0,2457.5,41800,1.0
2025-06-13,2485.0,2495.0,2375.0,2395.0,47000,1.0
2025-06-16,2460.0,2505.0,2415.0,2457.5,59000,1.0
2025-06-17,2492.5,2495.0,2422.5,2492.5,31400,1.0
2025-06-18,2482.5,2482.5,2440.0,2445.0,51800,1.0
2025-06-19,2480.0,2625.0,2455.0,2590.0,81000,1.0
2025-06-20,2565.0,2580.0,2460.0,2500.0,118600,1.0
2025-06-23,2492.5,2545.0,2450.0,2530.0,51600,1.0
2025-06-24,2575.0,2640.0,2550.0,2580.0,64400,1.0
2025-06-25,2600.0,2630.0,2550.0,2605.0,61800,1.0
2025-06-26,2600.0,2625.0,2560.0,2615.0,50200,1.0
2025-06-27,2620.0,2700.0,2610.0,2655.0,50200,1.0
2025-06-30,2675.0,2775.0,2675.0,2705.0,56400,1.0
2025-07-01,2785.0,2795.0,2575.0,2575.0,107000,1.0
2025-07-02,2525.0,2635.0,2490.0,2630.0,57800,1.0
2025-07-03,2630.0,2630.0,2535.0,2565.0,41000,1.0
2025-07-04,2605.0,2630.0,2570.0,2570.0,42800,1.0
2025-07-07,2575.0,2615.0,2555.0,2575.0,31400,1.0
2025-07-08,2575.0,2650.0,2575.0,2650.0,32600,1.0
2025-07-09,2650.0,2700.0,2635.0,2700.0,39600,1.0
2025-07-10,2725.0,2725.0,2660.0,2660.0,31600,1.0
2025-07-11,2680.0,2740.0,2655.0,2675.0,54200,1.0
2025-07-14,2715.0,2740.0,2660.0,2685.0,67800,1.0
2025-07-15,2695.0,2765.0,2670.0,2670.0,72400,1.0
2025-07-16,2720.0,2745.0,2645.0,2720.0,111000,1.0
2025-07-17,2700.0,2735.0,2660.0,2660.0,64200,1.0
2025-07-18,2660.0,2690.0,2635.0,2635.0,68200,1.0
2025-07-22,2610.0,2655.0,2590.0,2600.0,61200,1.0
2025-07-23,2575.0,2720.0,2575.0,2710.0,58600,1.0
2025-07-24,2685.0,2725.0,2590.0,2595.0,94200,1.0
2025-07-25,2595.0,2605.0,2575.0,2580.0,30200,1.0
2025-07-28,2610.0,2620.0,2570.0,2580.0,35200,1.0
2025-07-29,2565.0,2610.0,2520.0,2520.0,42000,1.0
2025-07-30,2510.0,2572.0,2502.0,2550.0,22600,2.0
2025-07-31,2553.0,2602.0,2550.0,2586.0,25600,2.0
2025-08-01,2595.0,2630.0,2525.0,2558.0,29200,2.0
2025-08-04,2510.0,2600.0,2510.0,2583.0,17000,2.0
2025-08-05,2629.0,2642.0,2594.0,2637.0,27600,2.0
2025-08-06,2632.0,2680.0,2630.0,2657.0,39100,2.0
2025-08-07,2660.0,2678.0,2622.0,2640.0,27300,2.0
2025-08-08,2650.0,2686.0,2650.0,2686.0,32600,2.0
2025-08-12,2735.0,2755.0,2712.0,2725.0,80700,2.0
2025-08-13,2810.0,2879.0,2754.0,2852.0,164400,2.0
2025-08-14,2800.0,3150.0,2799.0,3120.0,215500,2.0
2025-08-15,3170.0,3180.0,3045.0,3100.0,91300,2.0
2025-08-18,3095.0,3145.0,3065.0,3085.0,52600,2.0
2025-08-19,3065.0,3170.0,3065.0,3105.0,34100,2.0
2025-08-20,3130.0,3185.0,3040.0,3170.0,45300,2.0
2025-08-21,3150.0,3315.0,3130.0,3300.0,67700,2.0
2025-08-22,3370.0,3370.0,3205.0,3280.0,66500,2.0
2025-08-25,3410.0,3465.0,3340.0,3420.0,62100,2.0
2025-08-26,3405.0,3405.0,3335.0,3380.0,43000,2.0
2025-08-27,3445.0,3445.0,3360.0,3385.0,37200,2.0
2025-08-28,3390.0,3465.0,3375.0,3450.0,34700,2.0
2025-08-29,3480.0,3535.0,3435.0,3520.0,40300,2.0
2025-09-01,3540.0,3570.0,3465.0,3500.0,46900,2.0
2025-09-02,3625.0,3650.0,3550.0,3630.0,45300,2.0
2025-09-03,3700.0,3790.0,3610.0,3670.0,91500,2.0
2025-09-04,3670.0,3720.0,3610.0,3695.0,56600,2.0
2025-09-05,3700.0,3700.0,3610.0,3620.0,58400,2.0
2025-09-08,3520.0,3720.0,3445.0,3685.0,67700,2.0
2025-09-09,3685.0,3760.0,3645.0,3675.0,37800,2.0
2025-09-10,3650.0,3715.0,3615.0,3695.0,28000,2.0
2025-09-11,3665.0,3680.0,3560.0,3560.0,59700,2.0
2025-09-12,3535.0,3595.0,3505.0,3540.0,62200,2.0
2025-09-16,3510.0,3555.0,3480.0,3550.0,32500,2.0
2025-09-17,3530.0,3530.0,3455.0,3495.0,26600,2.0
2025-09-18,3515.0,3565.0,3500.0,3555.0,22500,2.0
2025-09-19,3605.0,3790.0,3520.0,3750.0,90600,2.0
2025-09-22,3810.0,3850.0,3785.0,3790.0,57100,2.0
2025-09-24,3805.0,3810.0,3660.0,3680.0,38900,2.0
2025-09-25,3695.0,3705.0,3635.0,3665.0,39000,2.0
2025-09-26,3605.0,3835.0,3585.0,3810.0,57400,2.0
2025-09-29,3830.0,3960.0,3755.0,3940.0,76700,2.0
2025-09-30,3895.0,3900.0,3725.0,3745.0,65000,2.0
2025-10-01,3715.0,3760.0,3620.0,3655.0,98800,2.0
2025-10-02,3675.0,3720.0,3455.0,3470.0,104800,2.0
2025-10-03,3505.0,3720.0,3505.0,3715.0,71200,2.0
2025-10-06,3785.0,3845.0,3705.0,3830.0,61500,2.0
2025-10-07,3840.0,3855.0,3760.0,3785.0,35100,2.0
2025-10-08,3850.0,3975.0,3850.0,3965.0,48500,2.0
2025-10-09,4075.0,4085.0,3925.0,4030.0,54000,2.0
2025-10-10,4095.0,4095.0,3895.0,3915.0,35300,2.0
2025-10-14,3895.0,3915.0,3690.0,3735.0,87500,2.0
2025-10-15,3755.0,3915.0,3755.0,3910.0,46500,2.0
2025-10-16,3930.0,3955.0,3855.0,3915.0,27500,2.0
2025-10-17,3910.0,3910.0,3775.0,3790.0,33600,2.0
2025-10-20,3860.0,3940.0,3810.0,3935.0,33400,2.0
2025-10-21,3895.0,3905.0,3800.0,3815.0,40800,2.0
2025-10-22,3850.0,3895.0,3800.0,3880.0,18800,2.0
2025-10-23,3875.0,3930.0,3810.0,3915.0,22700,2.0
2025-10-24,3965.0,3970.0,3860.0,3860.0,20700,2.0
2025-10-27,3890.0,3990.0,3860.0,3920.0,36700,2.0
2025-10-28,3880.0,3880.0,3820.0,3820.0,28700,2.0
2025-10-29,3840.0,3840.0,3640.0,3675.0,52000,2.0
2025-10-30,3665.0,3675.0,3565.0,3595.0,47700,2.0
2025-10-31,3595.0,3655.0,3380.0,3465.0,147200,2.0
2025-11-04,3475.0,3475.0,3325.0,3335.0,65000,2.0
2025-11-05,3290.0,3295.0,3125.0,3265.0,105400,2.0
2025-11-06,3300.0,3345.0,3240.0,3285.0,33400,2.0
2025-11-07,3290.0,3315.0,3245.0,3280.0,24600,2.0
2025-11-10,3315.0,3435.0,3300.0,3415.0,44300,2.0
2025-11-11,3440.0,3500.0,3415.0,3500.0,46700,2.0
2025-11-12,3550.0,3700.0,3520.0,3645.0,158600,2.0
2025-11-13,3855.0,3855.0,3440.0,3550.0,267800,2.0
2025-11-14,3480.0,3590.0,3400.0,3415.0,89000,2.0
2025-11-17,3415.0,3415.0,3245.0,3395.0,117500,2.0
2025-11-18,3340.0,3350.0,3270.0,3270.0,52000,2.0
2025-11-19,3270.0,3330.0,3215.0,3260.0,42500,2.0
2025-11-20,3305.0,3315.0,3205.0,3205.0,33100,2.0
2025-11-21,3155.0,3250.0,3140.0,3240.0,55000,2.0
2025-11-25,3255.0,3275.0,3120.0,3135.0,61600,2.0
2025-11-26,3145.0,3205.0,3145.0,3175.0,27300,2.0
2025-11-27,3190.0,3190.0,3145.0,3180.0,25000,2.0
2025-11-28,3305.0,3635.0,3280.0,3590.0,237000,2.0
2025-12-01,3550.0,3635.0,3285.0,3310.0,171500,2.0
2025-12-02,3270.0,3330.0,3040.0,3045.0,219300,2.0
2025-12-03,3020.0,3050.0,2982.0,3005.0,85900,2.0
2025-12-04,3030.0,3110.0,3030.0,3060.0,42900,2.0
2025-12-05,3030.0,3065.0,2992.0,3030.0,36800,2.0
2025-12-08,3005.0,3200.0,3005.0,3185.0,73800,2.0
2025-12-09,3180.0,3180.0,3080.0,3125.0,113600,2.0
2025-12-10,3135.0,3230.0,3135.0,3155.0,46400,2.0
2025-12-11,3155.0,3155.0,3085.0,3105.0,36900,2.0
2025-12-12,3085.0,3185.0,3085.0,3180.0,50900,2.0
2025-12-15,3110.0,3185.0,3110.0,3165.0,76400,2.0
2025-12-16,3235.0,3390.0,3140.0,3165.0,167400,2.0
2025-12-17,3150.0,3150.0,3050.0,3115.0,91900,2.0
2025-12-18,3100.0,3135.0,3055.0,3105.0,52300,2.0
2025-12-19,3145.0,3260.0,3145.0,3235.0,64500,2.0
2025-12-22,3265.0,3320.0,3200.0,3225.0,83200,2.0
2025-12-23,3255.0,3265.0,3190.0,3190.0,41300,2.0
2025-12-24,3205.0,3315.0,3205.0,3240.0,58300,2.0
2025-12-25,3275.0,3400.0,3255.0,3400.0,66100,2.0
2025-12-26,3395.0,3395.0,3290.0,3310.0,60200,2.0
2025-12-29,3380.0,3395.0,3320.0,3385.0,85600,2.0
2025-12-30,3415.0,3500.0,3390.0,3450.0,79400,2.0
2026-01-05,3520.0,3540.0,3335.0,3360.0,134600,2.0
2026-01-06,3400.0,3485.0,3360.0,3465.0,110000,2.0
2026-01-07,3455.0,3455.0,3400.0,3440.0,40700,2.0
2026-01-08,3415.0,3430.0,3350.0,3380.0,86500,2.0
2026-01-09,3370.0,3530.0,3360.0,3475.0,94000,2.0
2026-01-13,3530.0,3530.0,3395.0,3435.0,59400,2.0
2026-01-14,3445.0,3525.0,3400.0,3425.0,45600,2.0
2026-01-15,3375.0,3455.0,3370.0,3440.0,54500,2.0
2026-01-16,3415.0,3540.0,3415.0,3540.0,72900,2.0
2026-01-19,3560.0,3570.0,3465.0,3465.0,64400,2.0
2026-01-20,3465.0,3475.0,3370.0,3400.0,54400,2.0
2026-01-21,3300.0,3330.0,3220.0,3285.0,112700,2.0
2026-01-22,3320.0,3365.0,3300.0,3350.0,44700,2.0
2026-01-23,3370.0,3415.0,3360.0,3365.0,27200,2.0
2026-01-26,3310.0,3320.0,3210.0,3235.0,61800,2.0
2026-01-27,3205.0,3220.0,3145.0,3200.0,86400,2.0
2026-01-28,3205.0,3205.0,3070.0,3110.0,98400,2.0
2026-01-29,3130.0,3205.0,3080.0,3165.0,80700,2.0
2026-01-30,3130.0,3260.0,3130.0,3240.0,50800,2.0
2026-02-02,3260.0,3315.0,3175.0,3175.0,53900,2.0
2026-02-03,3245.0,3310.0,3245.0,3275.0,57700,2.0
2026-02-04,3250.0,3275.0,3230.0,3275.0,22800,2.0
2026-02-05,3295.0,3430.0,3255.0,3350.0,75100,2.0
2026-02-06,3355.0,3355.0,3275.0,3345.0,28900,2.0
2026-02-09,3415.0,3420.0,3345.0,3400.0,52100,2.0
2026-02-10,3415.0,3590.0,3415.0,3590.0,85300,2.0
2026-02-12,3600.0,3710.0,3595.0,3635.0,155000,2.0
2026-02-13,4080.0,4335.0,4080.0,4335.0,392500,2.0
2026-02-16,4330.0,4710.0,4225.0,4520.0,304500,2.0
2026-02-17,4580.0,4590.0,4305.0,4360.0,167600,2.0
2026-02-18,4430.0,4430.0,4280.0,4315.0,91500,2.0
2026-02-19,4330.0,4365.0,4220.0,4330.0,62700,2.0
2026-02-20,4350.0,4350.0,4185.0,4250.0,56000,2.0
2026-02-24,4240.0,4270.0,4125.0,4135.0,68600,2.0
2026-02-25,4125.0,4360.0,4125.0,4265.0,100400,2.0
2026-02-26,4325.0,4435.0,4290.0,4400.0,88200,2.0
2026-02-27,4330.0,4350.0,4240.0,4305.0,49600,2.0
2026-03-02,4220.0,4235.0,4075.0,4160.0,113000,2.0
2026-03-03,4145.0,4360.0,4045.0,4070.0,99600,2.0
2026-03-04,3935.0,4010.0,3755.0,3875.0,181600,2.0
2026-03-05,4035.0,4210.0,4020.0,4185.0,86600,2.0
2026-03-06,4150.0,4345.0,4090.0,4345.0,76800,2.0
2026-03-09,4065.0,4165.0,3910.0,4165.0,172100,2.0
2026-03-10,4250.0,4535.0,4205.0,4450.0,122600,2.0
2026-03-11,4435.0,4545.0,4395.0,4485.0,45000,2.0
2026-03-12,4415.0,4430.0,4290.0,4295.0,54100,2.0
2026-03-13,4225.0,4355.0,4200.0,4330.0,34600,2.0
2026-03-16,4320.0,4330.0,4205.0,4265.0,37100,2.0
2026-03-17,4300.0,4340.0,4245.0,4270.0,26000,2.0
2026-03-18,4360.0,4545.0,4360.0,4545.0,55900,2.0
2026-03-19,4440.0,4460.0,4210.0,4220.0,69900,2.0
2026-03-23,3940.0,4025.0,3850.0,3920.0,194000,2.0
2026-03-24,4065.0,4100.0,3935.0,3970.0,70900,2.0
2026-03-25,4000.0,4175.0,3980.0,4175.0,71600,2.0
2026-03-26,4105.0,4150.0,3930.0,3940.0,59300,2.0
2026-03-27,3900.0,3975.0,3860.0,3955.0,42700,2.0
2026-03-30,3750.0,3805.0,3685.0,3785.0,106900,2.0
2026-03-31,3735.0,3830.0,3655.0,3710.0,92500,2.0
2026-04-01,3920.0,3925.0,3825.0,3905.0,89200,2.0
2026-04-02,3920.0,4060.0,3840.0,3875.0,64000,2.0
2026-04-03,3945.0,4010.0,3910.0,3915.0,48700,2.0
2026-04-06,3875.0,3960.0,3875.0,3925.0,36600,2.0
2026-04-07,3940.0,4050.0,3915.0,3975.0,34800,2.0
2026-04-08,4075.0,4160.0,4070.0,4155.0,52600,2.0
2026-04-09,4155.0,4155.0,4010.0,4010.0,35200,2.0
2026-04-10,4045.0,4065.0,3990.0,4040.0,46900,2.0
2026-04-13,3970.0,4070.0,3890.0,3960.0,74300,2.0
2026-04-14,3980.0,4010.0,3880.0,3880.0,29600,2.0
2026-04-15,3935.0,3960.0,3805.0,3840.0,57100,2.0
2026-04-16,3860.0,3930.0,3835.0,3850.0,47600,2.0
2026-04-17,3865.0,3965.0,3855.0,3965.0,62400,2.0
2026-04-20,3925.0,3930.0,3830.0,3880.0,63300,2.0
2026-04-21,3880.0,3935.0,3880.0,3935.0,47500,2.0
2026-04-22,3915.0,3920.0,3850.0,3910.0,42100,2.0
2026-04-23,3910.0,3930.0,3820.0,3890.0,44000,2.0
2026-04-24,3890.0,3890.0,3765.0,3805.0,53000,2.0
2026-04-27,3825.0,3840.0,3750.0,3805.0,68500,2.0
2026-04-28,3830.0,3830.0,3765.0,3790.0,26800,2.0
2026-04-30,3770.0,3770.0,3695.0,3740.0,45800,2.0
2026-05-01,3775.0,3790.0,3705.0,3705.0,23400,2.0
2026-05-07,3725.0,3795.0,3690.0,3725.0,49000,2.0
2026-05-08,3725.0,3820.0,3700.0,3800.0,36700,2.0
2026-05-11,3820.0,3850.0,3765.0,3795.0,41900,2.0
2026-05-12,3795.0,3810.0,3750.0,3770.0,36200,2.0
2026-05-13,3785.0,3840.0,3730.0,3755.0,40500,2.0
2026-05-14,3825.0,3825.0,3620.0,3650.0,144400,2.0
2026-05-15,3450.0,3460.0,3170.0,3225.0,324500,2.0
2026-05-18,3225.0,3265.0,3095.0,3125.0,155600,2.0
2026-05-19,3165.0,3220.0,3135.0,3220.0,81900,2.0
2026-05-20,3220.0,3220.0,3020.0,3085.0,109900,2.0
2026-05-21,3135.0,3210.0,3095.0,3125.0,72600,2.0
2026-05-22,3120.0,3120.0,2933.0,2969.0,195800,2.0
2026-05-25,2951.0,3035.0,2910.0,2965.0,108100,2.0
2026-05-26,2984.0,3035.0,2932.0,2999.0,56300,2.0
2026-05-27,2981.0,2981.0,2897.0,2901.0,88200,2.0
2026-05-28,2898.0,2916.0,2846.0,2899.0,57500,2.0
2026-05-29,2926.0,2947.0,2880.0,2894.0,52600,2.0
2026-06-01,2894.0,2894.0,2710.0,2751.0,178800,2.0
2026-06-02,2720.0,2759.0,2684.0,2696.0,112400,2.0
2026-06-03,2670.0,2725.0,2630.0,2712.0,102600,2.0
2026-06-04,2662.0,2665.0,2550.0,2571.0,148600,2.0
2026-06-05,2621.0,2740.0,2618.0,2690.0,126800,2.0
2026-06-08,2640.0,2677.0,2572.0,2585.0,123000,2.0
2026-06-09,2602.0,2645.0,2582.0,2614.0,68100,2.0
2026-06-10,2664.0,2722.0,2612.0,2694.0,111600,2.0
2026-06-11,2646.0,2680.0,2592.0,2606.0,98200,2.0
2026-06-12,2628.0,2647.0,2601.0,2622.0,63400,2.0
2026-06-15,2747.0,2820.0,2731.0,2810.0,109000,2.0
2026-06-16,2840.0,2840.0,2753.0,2791.0,108900,2.0
2026-06-17,2794.0,2903.0,2783.0,2841.0,77800,2.0
2026-06-18,3020.0,3035.0,2940.0,2951.0,169000,2.0
2026-06-19,2995.0,3000.0,2865.0,2910.0,134300,2.0
2026-06-22,2950.0,3030.0,2931.0,2966.0,103400,2.0
2026-06-23,2971.0,3085.0,2955.0,2999.0,136200,2.0
2026-06-24,3000.0,3015.0,2880.0,2891.0,101600,2.0
2026-06-25,2915.0,2952.0,2870.0,2934.0,73300,2.0
2026-06-26,2873.0,2907.0,2800.0,2871.0,70600,2.0
2026-06-29,2971.0,3005.0,2881.0,2936.0,94000,2.0
2026-06-30,2967.0,2999.0,2927.0,2976.0,52600,2.0
2026-07-01,2976.0,2977.0,2911.0,2936.0,35800,2.0
2026-07-02,2960.0,3115.0,2960.0,3085.0,90700,2.0
2026-07-03,3120.0,3230.0,3120.0,3180.0,103700,2.0
2026-07-06,3155.0,3205.0,3065.0,3180.0,75600,2.0
2026-07-07,3190.0,3295.0,3165.0,3220.0,54400,2.0
2026-07-08,3210.0,3225.0,3135.0,3170.0,63100,2.0
2026-07-09,3145.0,3215.0,3125.0,3205.0,33900,2.0
2026-07-10,3205.0,3330.0,3160.0,3270.0,68900,2.0
2026-07-13,3325.0,3480.0,3315.0,3380.0,104900,2.0
2026-07-14,3310.0,3450.0,3305.0,3350.0,88700,2.0
